StartDate,EndDate,Status,IPAddress,Progress,Duration (in seconds),Finished,RecordedDate,ResponseId,RecipientLastName,RecipientFirstName,RecipientEmail,ExternalReference,LocationLatitude,LocationLongitude,DistributionChannel,UserLanguage,Q2,Q3,Q4_Browser,Q4_Version,Q4_Operating System,Q4_Resolution,Q1,user_id
2024-09-11 16:39:38,2024-09-11 16:40:11,1,,100,32,1,2024-09-11 16:40:11,R_4D0NlfVHl5MxB9j,,,,,35.1926,136.906,preview,JA,,,,,,,今日はバイトの日。僕は古本屋で働いていて、仕事自体はのんびりしていて好きだ。お客さんと話すこともあまりないけど、時々本の話で盛り上がることがあるのが楽しい。今日は常連のおじさんが「未来社会の哲学」について話しかけてきて、つい夢中で議論してしまった。大学で学んでることとリンクする瞬間ってワクワクする。その後はいつものカフェで一息つき、来週の課題を少し進めた。,
2024-09-11 16:43:20,2024-09-11 16:43:51,0,133.6.54.201,100,31,1,2024-09-11 16:43:52,R_4QMnIgb0uOY6Qiz,,,,,35.1926,136.906,anonymous,JA,,,,,,,土曜日だからちょっと贅沢して、朝から友達と近くのパン屋でブランチ。そこは最近できた人気店で、クロワッサンが絶品。友達と未来のことや、最近読んだ本の話をしてたらあっという間に時間が過ぎてしまった。午後はそのまま家に帰って、久しぶりに趣味の写真を撮りに行った。大学生活の中で、こうやって自分の時間を取れるのは本当に貴重だ。,1111
2024-09-12 16:19:46,2024-09-12 16:20:24,0,133.6.54.201,100,37,1,2024-09-12 16:20:24,R_4fkjGIVyC6ohLoB,,,,,35.1926,136.906,anonymous,JA,,,,,,,今日はとても悲しかったです；；うえーんおおおおおおおおおおおおおおおおおおおおおおおおおおおおおおおおおおおおおおおおおおおおおおおおおおおおおおおおおおおおおおおおおおおおおおおおおおおおおおおおおおおおおおおおおおおおおおおおおおおおおおおおおおおおおおおおおおおおお,331030
2024-09-12 17:02:09,2024-09-12 17:02:36,0,133.6.54.201,100,26,1,2024-09-12 17:02:36,R_49nxfdJ3CoQ86A4,,,,,35.1926,136.906,anonymous,JA,,,,,,,今日はサッカーをしたよ！疲れたけど、久しぶりの運動でとっても有意義でしたあ！！！！！！！！！！！！！！！！！！！！！！！！！！！！！！！！！！！！！！！！！！！！！！！！！！！！！！！！！！！！！！！！！！！！！！！！！！！！！！！！！！！！！！！！！！！！！！！！！！！！！,416185
2024-09-12 17:57:08,2024-09-12 17:57:34,0,133.6.54.201,100,26,1,2024-09-12 17:57:35,R_463Fdxg6DbLF2et,,,,,35.1926,136.906,anonymous,JA,,,,,,,"なんかボットがいまいちだったなーーーーーーー
日記読んでること自分でわかってないんじゃないのか？？？？？？？？？？？？？？？？？？？？？？？？？？？？？？？？？？？？？？？？？？？？？？？？？？？？？？？？？？？？？？？？？？？？？？？？？？？？？？？？？？？？？？？？？？？？？？？？？？
",829527
2024-09-12 18:39:04,2024-09-12 18:39:26,0,133.6.54.201,100,22,1,2024-09-12 18:39:27,R_4LSo0cnB562dLgZ,,,,,35.1926,136.906,anonymous,JA,,,,,,,今日は久しぶりにゼミがあった。経済学部だけど、ゼミのテーマは「環境政策」。正直、少し飽き飽きしていたが、今日は教授が「エシカル・ファッション」を取り上げたのが意外だった。どうやら、ファッション産業が環境に与える影響を深掘りしていくらしい。実はファッションに関しては結構興味があるので、今日はちょっと気合を入れて聞いた。ゼミが終わった後、友達とカフェでその話をしながら、ついでに新しい服の話題で盛り上がった。普段はあまりお金を使わないようにしているけど、今日はなんだか新しい服を買いたくなった。,11111
2024-09-12 18:39:29,2024-09-12 18:39:53,0,133.6.54.201,100,23,1,2024-09-12 18:39:53,R_4KoT38gDMQA0Oqt,,,,,35.1926,136.906,anonymous,JA,,,,,,,"朝からオンライン講義。経済学の授業なんだけど、AIと経済の関わりについて語る内容だった。AIは好きだから、ここは真剣に聞いた。最近、AIの進化がどこまで経済を変えるかを考えるのが自分のテーマみたいになっている。午後は大学の図書館で勉強。友達とディスカッションをするつもりが、意外と一人で集中できてしまった。終わった後は、図書館の裏にある公園で少しだけ本を読んでリラックス。






",11111
2024-09-12 18:39:59,2024-09-12 18:40:07,0,133.6.54.201,100,8,1,2024-09-12 18:40:07,R_4lM5kgwfs7AinIC,,,,,35.1926,136.906,anonymous,JA,,,,,,,今日はバイトの日。僕は古本屋で働いていて、仕事自体はのんびりしていて好きだ。お客さんと話すこともあまりないけど、時々本の話で盛り上がることがあるのが楽しい。今日は常連のおじさんが「未来社会の哲学」について話しかけてきて、つい夢中で議論してしまった。大学で学んでることとリンクする瞬間ってワクワクする。その後はいつものカフェで一息つき、来週の課題を少し進めた。,11111
2024-09-12 18:40:15,2024-09-12 18:40:17,0,133.6.54.201,100,1,1,2024-09-12 18:40:18,R_4O8W2tQSL7Bgrip,,,,,35.1926,136.906,anonymous,JA,,,,,,,土曜日だからちょっと贅沢して、朝から友達と近くのパン屋でブランチ。そこは最近できた人気店で、クロワッサンが絶品。友達と未来のことや、最近読んだ本の話をしてたらあっという間に時間が過ぎてしまった。午後はそのまま家に帰って、久しぶりに趣味の写真を撮りに行った。大学生活の中で、こうやって自分の時間を取れるのは本当に貴重だ。,11111
2024-09-12 18:40:21,2024-09-12 18:40:27,0,133.6.54.201,100,6,1,2024-09-12 18:40:28,R_4r1v9hnHIq8bSrH,,,,,35.1926,136.906,anonymous,JA,,,,,,,今日は一日中家にこもって勉強しようと思ってたけど、気分転換に散歩に出かけた。途中で見つけた小さな美術館にふらっと入ってみたら、思いがけず面白い展示をやっていて、結局そこで何時間も過ごしてしまった。テーマは「現代アートと経済の融合」。経済学の視点でアートを見るなんて発想がなかったから、すごく新鮮だった。,11111
2024-09-12 18:40:30,2024-09-12 18:40:35,0,133.6.54.201,100,5,1,2024-09-12 18:40:36,R_49b8uc3gzUxxbeV,,,,,35.1926,136.906,anonymous,JA,,,,,,,今日は授業が多くて、頭がパンパン。昼休みに友達とカフェで少し休憩したけど、午後の講義で眠気が勝ってしまい、あまり内容を覚えていない。夜は少し気晴らしに映画を見た。ジャンルはSFで、未来社会を描いたもの。やっぱり、未来やテクノロジーに関するテーマにはどうしても引き寄せられてしまう。自分もそんな未来をつくる側に立ちたいと思いながら、今日の映画に見入ってしまった。,11111
2024-09-12 18:40:38,2024-09-12 18:40:43,0,133.6.54.201,100,5,1,2024-09-12 18:40:44,R_4qVCn1m9oDzUyFb,,,,,35.1926,136.906,anonymous,JA,,,,,,,今日はゼミでプレゼンをした。テーマは「デジタル経済の未来」。準備はしていたけど、いざ発表となるとやっぱり緊張してしまい、少し噛んでしまったのが悔しい。でも、教授が興味深いフィードバックをくれて、議論も活発だったのでやりがいはあった。プレゼンの後、友達と食事に行って、今日の反省会という名の雑談。こうやって意見を交換する時間も、実は一番成長できる時間かもしれないと思う。,11111
2024-09-12 18:40:48,2024-09-12 18:40:59,0,133.6.54.201,100,11,1,2024-09-12 18:41:00,R_4Fbn3zEhuuFMkc9,,,,,35.1926,136.906,anonymous,JA,,,,,,,今日はちょっと変わったことが起きた。帰り道、街角で路上ライブをやってる人たちを見つけて、思わず足を止めてしまった。音楽は普段あまり聴かないけど、なんとなくその場の雰囲気が心地よくて、最後まで聞いてしまった。やっぱり自分は、何か新しいものに出会う瞬間が好きだなと思う。帰宅後は音楽を流しながら、最近やってなかったスケッチを少しだけ描いた。忙しい日々だけど、こういう瞬間があると心が休まる。,11111
2024-09-12 18:41:02,2024-09-12 18:41:09,0,133.6.54.201,100,7,1,2024-09-12 18:41:10,R_4ouSGyz9hTpQYQV,,,,,35.1926,136.906,anonymous,JA,,,,,,,今日は一日中雨が降っていて、気分もどんより。大学に行く途中でお気に入りの傘が壊れてしまって、少しショックを受けた。授業もあまり頭に入らなかったし、なんとなくやる気が出ない日。でも、帰りにバイト先で同僚と話してたら少し元気が出てきた。特に何を話すわけでもないけど、誰かと何気ない会話をするだけで気分が変わることってあるんだなと感じた。家に帰ったら、今日は早めに寝ようと思う。,11111
2024-09-12 18:42:19,2024-09-12 18:42:22,0,133.6.54.201,100,2,1,2024-09-12 18:42:23,R_429twvLK0CN6KQx,,,,,35.1926,136.906,anonymous,JA,,,,,,,今日は久しぶりに上司に叱られた。報告書の細かい部分でミスをしてしまって、また手戻りだ。最近、細かいことがうまくいかないことが多い。自分で気づいた時には遅くて、指摘されて初めて「ああ、そこか」と思うばかり。犬のタロウだけが、家に帰るといつも無条件で迎えてくれる。彼の無邪気さに救われている自分がいる。,22222
2024-09-12 18:42:30,2024-09-12 18:42:32,0,133.6.54.201,100,2,1,2024-09-12 18:42:33,R_42KRFH0T6d77NPe,,,,,35.1926,136.906,anonymous,JA,,,,,,,今日も定時で終わらず、少し遅くまで仕事をしていた。周りの先輩たちは、黙々と仕事をこなしているのがすごい。自分もこんなふうに、効率よく仕事を片付けられるようになりたいけど、まだ全然追いつけない。家に帰ると、タロウが玄関で寝ていた。起きないようにそっとドアを閉めて、静かに部屋に入る。明日はもう少しうまくやれるといいな。,22222
2024-09-12 18:42:35,2024-09-12 18:42:41,0,133.6.54.201,100,6,1,2024-09-12 18:42:42,R_4FyoCtZiwitZLo4,,,,,35.1926,136.906,anonymous,JA,,,,,,,今日はチームでのミーティングがあった。話し合いの中で、自分の意見を言うタイミングが全然つかめなかった。他の人がスムーズに意見を出していく中、自分はただ聞いているだけになってしまう。終わった後に、どうしてもモヤモヤが残る。でも、会社の近くのカフェで一息ついて、少し気分転換ができた。土日は少し休んでリフレッシュしよう。,22222
2024-09-12 18:42:44,2024-09-12 18:42:51,0,133.6.54.201,100,7,1,2024-09-12 18:42:52,R_4S7XvApL2r3XUIh,,,,,35.1926,136.906,anonymous,JA,,,,,,,今日は完全にオフの日。家でタロウと過ごしながら、久しぶりに映画を見た。なんとなく選んだ映画だったけど、意外と感動してしまった。最近、仕事ばかりで頭がいっぱいだったから、こうやって別の世界に没頭できる時間がありがたい。タロウもいつもより甘えてきて、なんだか癒された一日だった。明日は少し外に出ようか考え中。,22222
2024-09-12 18:42:55,2024-09-12 18:43:02,0,133.6.54.201,100,6,1,2024-09-12 18:43:02,R_4s1Gcu0fuXSh8NB,,,,,35.1926,136.906,anonymous,JA,,,,,,,気分転換に公園まで散歩に行った。タロウも一緒で、青空の下を歩くのは気持ちがよかった。公園のベンチに座って、ぼーっとする時間は本当に贅沢だなと思う。会社では時間に追われているけど、こういうのんびりした時間も必要なんだなと感じた。明日からまた仕事だけど、今日はしっかり休めたから、少し気が楽になったかもしれない。,22222
2024-09-12 18:43:04,2024-09-12 18:43:11,0,133.6.54.201,100,7,1,2024-09-12 18:43:12,R_4rNVgdq25pV2mDg,,,,,35.1926,136.906,anonymous,JA,,,,,,,週の始まり、月曜の朝はどうしても気が重い。今日はいつもより仕事がスムーズに進んだけど、それでもまだまだ完璧とは程遠い。先輩に少し教えてもらって、やっと理解できた部分もあった。帰り道、ちょっとした達成感を感じながら歩いたけど、まだ自分の力不足を痛感する毎日だ。タロウと一緒に寝る前の時間が、一番ホッとできる。,22222
2024-09-12 18:43:14,2024-09-12 18:43:20,0,133.6.54.201,100,6,1,2024-09-12 18:43:20,R_4TM0DX9VNLSTW9d,,,,,35.1926,136.906,anonymous,JA,,,,,,,今日は上司から少し褒められた。些細なことだけど、自分がミスせずにやり遂げたことが評価されたみたいだ。自信がない日々の中で、こういう小さな褒め言葉が大きな支えになる。でも、まだまだ先は長い。もっと頑張らないとと思うけど、焦る気持ちを抑えながら、一歩ずつやっていくしかないな。今日はタロウにもおやつをあげた。自分も少し頑張った日のご褒美だ。,22222
2024-09-12 18:48:25,2024-09-12 18:48:49,0,133.6.54.201,100,23,1,2024-09-12 18:48:49,R_4g2iX8npTe5d5Ho,,,,,35.1926,136.906,anonymous,JA,,,,,,,"kyouha

totemo
tanosikattayou
あもさいこうやー！
あああああああああああああああああああああああああああああああああああああああああああああああああああああああああああああああああああああああああ",456456
2024-09-17 02:31:01,2024-09-17 02:34:05,0,123.226.24.140,100,184,1,2024-09-17 02:34:05,R_4KykpulRkta7pJO,,,,,34.6986,135.5079,anonymous,JA,1,８９,Chrome,123.0.0.0,Windows NT 10.0,1920x1080,今日は結構つかれました！！！！！！！！！！！！！！！！！！！！！！！！！！！！！！！！！！！！！！！！！！！！！！！！！！！！！！！！！！！！！！！！！！！！！！！！！！！！！！！！！！！！！！！！！！！！！！！！！！！！！！！！！！！！！！！！！！！！！！！！！！！！！！！！！,おはようname
2024-09-17 02:41:06,2024-09-17 02:41:23,0,123.226.24.140,100,16,1,2024-09-17 02:41:23,R_4uGVwfBS284cLyV,,,,,34.6986,135.5079,anonymous,JA,2,11,Chrome,123.0.0.0,Windows NT 10.0,1920x1080,aggg???????????????????????????????????????????????????????????????????????????????????????????????????????????????????????????????????????????????,aito勇気だけ01
2024-09-17 14:38:12,2024-09-17 14:38:17,0,49.98.212.93,75,4,0,2024-09-24 14:38:22,R_4CCqsLhOr1oOnnk,,,,,,,anonymous,JA,1,sr,Chrome,128.0.0.0,Android 10,350x817,,sss
2024-09-17 14:35:25,2024-09-17 14:45:02,0,133.6.54.201,75,577,0,2024-09-24 14:45:03,R_41dnRJXvy2fMrrG,,,,,,,anonymous,JA,1,12,Chrome,128.0.0.0,Windows NT 10.0,1280x720,,１２３
2024-09-17 16:02:01,2024-09-17 16:28:27,0,133.6.54.201,75,1585,0,2024-09-24 16:28:28,R_4kh16SlpeIRj2Ge,,,,,,,anonymous,JA,2,333,Chrome,128.0.0.0,Windows NT 10.0,1280x720,,q2333
2024-09-26 10:04:08,2024-09-26 10:07:28,0,133.6.240.172,100,199,1,2024-09-26 10:07:28,R_496LqlzSgtZxItb,,,,,35.1926,136.906,anonymous,JA,1,37,Chrome,128.0.0.0,Macintosh,3008x1692,今日は一日寝てしまった。怠惰な日をいつも過ごしている。そういえば編み物が途中になっていたのを思い出して，少し取り組んでみた。カギ網という編み方で非常に単純ではあるがクセになる。7年ほど前にはマフラーを編んだな。次は何を編もうか。,0000000
2024-09-26 19:53:37,2024-09-26 19:54:05,0,123.226.24.140,100,27,1,2024-09-26 19:54:06,R_4GV3g2IyUh3bVMF,,,,,34.6986,135.5079,anonymous,JA,1,23,Chrome,123.0.0.0,Windows NT 10.0,1920x1080,saaaaaaaaaaaaaaaagrrrtttkljhdfgkjhjkhjkbvajoisdfhguiyepurthgpuahdfpijghapudhgu589uauerhららｆｇｋｊ４りう３５９らいおｈｆｊかあいちちちちｔろおろろｒこｒｆｋろｆｋろｆｋろｆｋろｆろｆｋｒｆｋろｆｋろｇｋろｇろｊｇろｇｊろｇｊ,あいのちから
2024-09-27 16:50:48,2024-09-27 16:51:40,0,133.6.54.171,100,51,1,2024-09-27 16:51:41,R_4OT8e5ZdnoL0Nto,,,,,35.1926,136.906,anonymous,JA,1,234,Chrome,128.0.0.0,Android 10,350x817,今日は訴えてるんだよね？の同じく午後対応可能です！❢を開い。。。。。の同じく午後対応可能です！❣の程の程よろしくお願いいたします内向きをクラウド外出しませんが?!?月曜日火曜日＠ああｊふｃじぇへうｆｊｄｊでぇｊｄｈｄｊｄｊｆｊふぃふぃぎちｒｋｆ,てすとsmart
2024-09-28 12:08:48,2024-09-28 12:13:53,0,111.90.30.219,100,304,1,2024-09-28 12:13:54,R_4RmjFMsNV0hQej8,,,,,35.6871,139.5372,anonymous,JA,2,57,Edge,129.0.0.0,Windows NT 10.0,1920x1080,9月末までの原稿の締め切りに追われ、昨日からずっとパソコンに向かっての作業が続いている。流石に疲れたので、昼食用の買い物がてら散歩に出てみた。歩くという事は思索にふけるのにちょうど良い。そんなことを考えながら、行きつけのパン屋で、いつも通りのお気に入りのパンを買い、プラプラと家に戻って来た。さてと、１２時。昼ご飯を食べたらまた、作業に戻るとしようかな･･･。,1452004
2024-09-28 12:08:41,2024-09-28 12:14:02,0,73.202.69.252,100,320,1,2024-09-28 12:14:03,R_7Z5tmDZROQQqba9,,,,,37.7183,-122.4103,anonymous,JA,2,40,Chrome,129.0.0.0,Macintosh,1470x956,今日は、朝から喉が痛くなってしまって急いでうがいをしてビタミンサプリをたくさん飲んだ。でも結局喉の痛みは悪化するばかりだ。今日は午後から友人と一緒にランチをする約束をしていたのに、この調子だととても外出する状態ではないのでやむなくキャンセルになりそうだ。本当に最近は自分の体力が落ちてきていてがっかりしてしまうことが多い。なんとか体力をつけていかなければと強く反省した。,94338
2024-09-28 12:07:54,2024-09-28 12:16:53,0,113.32.130.192,100,538,1,2024-09-28 12:16:53,R_4IQMexRHO62bluf,,,,,35.9418,139.6173,anonymous,JA,2,47,Safari iPhone,17.6,iPhone,375x667,今日も子供たちは部活があるので、朝からお弁当を作った。7時に娘を駅に送って、1人目の送り出しが終わる。2人目の朝ご飯を準備し、身支度をさせ、その間に洗い物や洗濯を済ませる。7:50にマンション一階までゴミ出しを兼ねて2人目の送り出しが終わる。その後、やっと自分の朝食を摂ることができる。昼食まではつかの間の小休止ができて嬉しい。,5289773
2024-09-28 12:10:40,2024-09-28 12:20:23,0,133.204.177.96,100,583,1,2024-09-28 12:20:24,R_4NfAZiXHptabvQH,,,,,33.3174,130.4906,anonymous,JA,2,43,Edge,129.0.0.0,Windows NT 10.0,1280x720,今日は行きつけの美容室に髪を切りに行った。もう20年近く切ってもらっている。話はいつものように盛り上がって楽しい時間を過ごすことができた。くせのある私の髪もうまく切ってくれて、いつものごとく大満足だった。お互い同学年の子供もいて話はつきないし、もっと色々話がしたかった。そしてまた会えるのを楽しみに店を後にした。帰宅後改めて鏡でみると良い感じに仕上がっていて嬉しい気持ちになった。,1778742
2024-09-28 12:14:17,2024-09-28 12:20:33,0,126.40.128.232,100,375,1,2024-09-28 12:20:33,R_4ja2c1IlfpEQAo5,,,,,37.4051,140.3896,anonymous,JA,1,30,Chrome,129.0.0.0,Windows NT 10.0,1524x858,今日は、朝から鼻炎が酷くて憂鬱だ。急に涼しくなったから、寒暖差アレルギーによるものかもしれない。病院から貰った薬を飲んだら、少し楽になったので良かった。これからどんどん寒くなるので、風邪を引かないように気をつけたいと思う。,4173223
2024-09-28 12:16:00,2024-09-28 12:24:54,0,153.219.157.151,100,534,1,2024-09-28 12:24:55,R_4RODmphC5Ne2rHj,,,,,35.6897,139.6895,anonymous,JA,2,45,Chrome,127.0.0.0,Windows NT 10.0,1920x1080,"天気予報では雨でしたが、起きたら晴れて心地がいい気候だったので、近所を1時間ほど散歩してきました。思ったよりも暑くて汗ばむくらいでしたが、午前中からいい運動ができたと思います。
散歩中、ちょうど収穫時期を迎えた畑で作業をしているかたを眺めていたら、だいぶ涼しくなりましたねと声をかけていただいて、少しおしゃべりをしてから帰ってきました。採れたものは無人販売所に置くこともあるそうで、機会があれば見に行きたいと思います。",769122
2024-09-28 12:23:06,2024-09-28 12:26:13,0,125.173.184.216,100,186,1,2024-09-28 12:26:13,R_4vFpoHPbRYMCqcN,,,,,26.2152,127.7,anonymous,JA,1,43,Chrome,129.0.0.0,Windows NT 10.0,1366x768,"今日はバイトも休みで、昼から知人と出かける予定があったのですが、
沖縄は台風や熱帯低気圧の影響かどしゃ降りの大雨となっているため
予定は中止となってしまいました。
なので家で動画をみたりSNSを眺めたり、と大して面白みのない1日となってしまいました。
天気予報を見ても明日まで雨が続きそうなので、夜に予定を入れることも出来ずつまらない1日となりました。",4551146
2024-09-28 12:24:50,2024-09-28 12:28:04,0,49.105.96.200,100,194,1,2024-09-28 12:28:05,R_4MWtZDd4jOJrwvn,,,,,35.6837,139.6805,anonymous,JA,2,30,Chrome,129.0.0.0,Windows NT 10.0,1524x858,私は毎日仕事へ行くのに車で通勤しているのだが、今日の朝は道がとても混んでいた。仕事に間に合わなそうだったので、途中から高速に乗ることにした。下道と違い、高速道路は空いていて快適だった。高速に乗ったおかげで、無事仕事に間に合ったので良かった。,4680788
2024-09-28 12:20:51,2024-09-28 12:29:30,0,58.188.139.177,100,519,1,2024-09-28 12:29:30,R_4js7eAmOLjA0uYo,,,,,34.6986,135.5079,anonymous,JA,2,38,Chrome,128.0.0.0,Macintosh,1440x900,今朝は午前8時に起床。起きてからまず始めにシーツを洗濯し、敷布団を干すことにした。「秋は、寝具にダニの死骸やフンが溜まりやすい」とニュースで知った。だからアレルギー体質の私にとって秋は気をつけなければならない季節だ。,acu9751cw
2024-09-28 12:22:03,2024-09-28 12:29:43,0,153.163.183.239,100,460,1,2024-09-28 12:29:44,R_4EKcGyBev4ohpxl,,,,,35.6143,140.1062,anonymous,JA,1,49,Chrome,129.0.0.0,Windows NT 10.0,1440x900,駆け足で秋が来た。住居は台風の被害とはいまだ無縁。この間で16号だったらしい。気象庁で調べたら例年25くらいは発生しており、去年今年と少ない方だった。昔の夏は冷房いらずの夜、ちょうど最近と同じ状況が何日もあった。では年々台風も減っているのかといえばそうでもないし、質というか記録的な暴風が当たり前になっているのかもしれない。テレビで能戸の住人が、地震の後にまさか水害がなんて話していたのを聞くと、気の毒に違いはないにしろ、台風は結構前から進路がわかっているし、どちらかといえば地震の方がまさかじゃなかっただろうかと思った。個人的には暑い盛りに雨風多い方が過ごしやすく助かる。,2141268
2024-09-28 12:17:38,2024-09-28 12:30:06,0,36.255.206.108,100,748,1,2024-09-28 12:30:06,R_4dEQqNRtLf6NYxK,,,,,35.6164,139.7425,anonymous,JA,2,28,Edge,129.0.0.0,Windows NT 10.0,1536x864,今日は息子と家の庭の方に行ったら、夏に植えたピーマンの苗に実が付いていたので1つ収穫しました。すでに8月末に4つピーマンを収穫済みだったで、今年の収穫は終わったと思っていたのでビックリしました。収穫したピーマンは大人の手のげんこつ並みの大きさで、それをせん切りにして焼いて、めんつゆをかけて食べたらとても美味しかったです。植えていた土は手入れをしておらず良い状態ではなかったのですが、植物の生命力に驚いた出来事でした。,5372982
2024-09-28 12:24:19,2024-09-28 12:30:36,0,69.172.174.59,100,377,1,2024-09-28 12:30:36,R_7PY48wqBDjI7h9f,,,,,49.2311,-122.956,anonymous,JA,2,46,Safari iPhone,18.0,iPhone,375x812,今日は仕事が休みだったので、ゆっくり過ごそうと思っていたら、ひどい頭痛に襲われ、ずっと寝て過ごした。食事もあまりとれず、ヨーグルトとサラダを食べるだけだった。水分をとるたびに、吐ききそうになった。動画を見たりしながら寝て一日を過ごした。明日は仕事だが、出勤できるのか心配だ。,1127132
2024-09-28 12:24:21,2024-09-28 12:30:49,0,101.143.154.66,100,388,1,2024-09-28 12:30:49,R_4Dy2cOqgppAhRRf,,,,,34.773,134.8303,anonymous,JA,1,50,Chrome,129.0.0.0,Windows NT 10.0,1366x768,"本日は朝7時に起きてゆっくりコーヒーを飲みました。
その後買い物があったためホームセンターへ野菜かごを買いに行きスーパーへ食料品を買いに行きました。
家に帰りテレビをつけるとオリックスのT岡田さんと安達さんの特集をしており見ておりましたが、長年頑張ってこられた二人ですので感慨深く見ていました。
その後は昨日の残りの昼食を食べ、午後は畑の用事をしますが涼しいのでやりやすく感じています。",3602839
2024-09-28 12:23:57,2024-09-28 12:31:15,0,133.106.220.61,100,437,1,2024-09-28 12:31:15,R_4FwFv6X7BAQblGg,,,,,35.6897,139.6895,anonymous,JA,2,39,Chrome,129.0.0.0,Windows NT 10.0,1536x864,職場で人が足りないため、友人や知人のつながりを頼り、スカウティングをしました。1人、良さそうな方が見つかったので、今度の月曜日に面接となりました。友人の知人のそのまた知り合いの方だったので、正直よく知らないのですが、マッチする方だと助かります。,3935504
2024-09-28 12:27:01,2024-09-28 12:31:24,0,111.188.251.250,100,262,1,2024-09-28 12:31:25,R_4r6pyf4GolAanS0,,,,,35.6897,139.6895,anonymous,JA,2,38,Safari iPhone,17.6,iPhone,375x667,起きた瞬間から、窓から見える空が雲ひとつなくて気持ちのいい1日の始まりだった。まず珈琲を淹れ、トイレとお風呂を掃除し、洗濯機をまわす。いつもと同じように羊羹をつまみながら仕事をした。これからシャワーを浴び、ストレッチをしてから練習に行く。夕飯はびっくりドンキーにするんだ。,4462118
2024-09-28 12:32:15,2024-09-28 12:33:45,0,106.155.4.127,100,90,1,2024-09-28 12:33:46,R_4RlpqAMepVxuhVr,,,,,35.6837,139.6805,anonymous,JA,1,42,Chrome,128.0.0.0,Windows NT 10.0,1920x1080,"28日(土)は、仕事もなく休日でした。
午前中は、家で子どもたちと過ごしました。
午後は、子どもたちを英会話につれていき、そのまま祖母でと会い日帰り温泉へ行きました。
日帰り温泉で、温泉につかり、また夕飯も済ませて帰宅しました。",quartet456
2024-09-28 12:21:54,2024-09-28 12:33:53,0,60.122.39.180,100,718,1,2024-09-28 12:33:53,R_43UeevfUiEzPDMh,,,,,35.1927,136.9837,anonymous,JA,2,34,Edge,129.0.0.0,Windows NT 10.0,1536x864,今日は未明から次男が３回起きて夜間対応をした。夜に何度も起きて抱っこ・授乳対応するのも慣れてきたけど、たまには朝まで続けて眠りたいと思う。長男は咳が1週間ほど続いていて、辛そうなので早く良くなって欲しい。,4999612
2024-09-28 12:24:42,2024-09-28 12:37:15,0,27.84.190.85,100,753,1,2024-09-28 12:37:16,R_4fZVjljalJ0SRdV,,,,,35.6984,139.4819,anonymous,JA,1,50,Chrome,129.0.0.0,Windows NT 10.0,1536x864,今朝は久しぶりに夢を覚えていた。今、手伝いをしている仕事に似た作業で自分が幸運に恵まれてそれなりの金額を手に入れる夢だった。幸いかどうかはわからないが今日はＪＲＡが開催しているので少し賭けてみようかと思う。いつもより少しだけワクワク感が強い気がする。我ながら自分は単純な男だと思う。,4002112
2024-09-28 12:31:52,2024-09-28 12:38:14,0,133.106.36.13,100,382,1,2024-09-28 12:38:14,R_41aurb7NDF8R0vn,,,,,35.6837,139.6805,anonymous,JA,2,47,Chrome,83.0.4086.0,Windows NT 10.0,1366x768,今日は朝から曇っています。洗濯物を干していますのでなんとか雨が降らず、乾ききってくれるといいなと思っています。午前中はずっと在宅ワークをしていました。座って仕事をしていても結構お腹が空きます。お昼は多めに食べました。,shigenoi
2024-09-28 12:24:56,2024-09-28 12:38:37,0,182.171.116.35,100,820,1,2024-09-28 12:38:37,R_46fTgWr94wr5UDT,,,,,34.7863,135.4721,anonymous,JA,2,53,Safari iPhone,Unknown,iPhone,375x667,"図書館で借りていた中園ミホさんの占いの本を読みました。なるほど、と思う事が盛りだくさんてした。「運は育てて磨くもの」「運は平等に訪れるもので、それを上手く掴めるかどうかが運の良い人になる」などです。
また、「小さな変化は運の風通しを良くする」という話を早速実行しようと思い、休日をぐうたら家で過ごすのをやめました。
美術館、ショッピング、映画、ハイキング、神社巡り、色々思い付きましたが、午後からは、阪急電車に乗ってお気に入りの場所に行き、軽いハイキングで神社を訪れ、お気に入りのお店をのぞいたりして気の向くままに動こうと思います。
1人自由な時間を満喫できる事に感謝です。",khi1_b4aa
2024-09-28 12:26:49,2024-09-28 12:41:37,0,133.206.33.192,100,888,1,2024-09-28 12:41:38,R_4AGj7cPgn3gc6Ln,,,,,34.6986,135.5079,anonymous,JA,2,46,Chrome,129.0.0.0,Windows NT 10.0,1536x864,今日は短時間の在宅ワークを終えたあとは、いつもの週末の掃除を一通り行う。ベランダの掃除も行う。鉢植えに種を植えているが、まだ芽は出ていない様子。鉢植えの周りには土が散らばっていた。鳥のフンが近くにあり、早朝に鳥が来て掘り返しているのかもしれない……。,1472598
2024-09-28 12:37:41,2024-09-28 12:43:51,0,60.143.106.34,100,370,1,2024-09-28 12:43:51,R_4UWiRrYeGKk7Ixr,,,,,33.4868,130.5252,anonymous,JA,2,47,Chrome,129.0.0.0,Windows NT 10.0,1920x1080,今日の明石の天気は曇り。なんとなく気分が優れない。午前中は10時くらいまで寝てしまった。急いで仕事を片付けないといけないと慌てている。10月4日までに仕上げないといけない仕事がたくさんある。分身の術が使えればいいのに、と現実逃避してしまった。今日はこれから、たまった仕事を片付けようと思う。明日のこの時間までに予定通り片付いているだろうか。結果は明日の日記で報告したい。,1454035
2024-09-28 12:42:26,2024-09-28 12:49:49,0,133.206.97.32,100,442,1,2024-09-28 12:49:49,R_4SwwxeS78cpNW5m,,,,,34.8567,135.5998,anonymous,JA,1,49,Chrome,126.0.6478.238,Android 9,962x601,石破ショックである。こんなに暴落するとは。昨日から憂鬱な気分が続いている。月曜日の市場オープンが怖い。食欲もない。大谷が今日も打った。天気は曇り空、むし暑い。図書館に行く。部屋の掃除をしなければならない。,1103016
2024-09-28 12:50:32,2024-09-28 12:55:51,0,60.87.209.96,100,318,1,2024-09-28 12:55:51,R_4fBtRU3iTY1TDLp,,,,,35.7027,139.6749,anonymous,JA,2,39,Chrome,129.0.0.0,Windows NT 10.0,1536x864,天気予報の空模様があまり良くなかったので洗濯をするのをためらっていたが、明日も同じような微妙な予報だったので、洗濯機を回すことに決めた。一人暮らしをしていた頃から感じていたが、天気の悪い日に洗濯をするには、本当に憂鬱だなと感じる。,707767
2024-09-28 12:47:53,2024-09-28 12:56:27,0,119.228.25.138,100,514,1,2024-09-28 12:56:28,R_4DjRuFgrg4JF9sa,,,,,34.6922,135.1816,anonymous,JA,2,49,Chrome,129.0.0.0,Windows NT 10.0,1280x800,昨日あたりから更年期障害の症状がひどくなっていて、体感的にとてもつらく日々の家事を熟すことすらしんどいです。母からもいろいろ聞いていて覚悟をしていたつもりだけど、想像以上に大変でこんなにつらいものとは思ってもみなかった。乗り超えた先輩方を尊敬します。毎回、会えば体調を気遣ってくれる義母にも感謝の気持ちでいっぱいです。夫や子供たちのためにも、早く私らしい私に戻りたいです。,5231896
2024-09-28 12:43:30,2024-09-28 12:56:42,0,180.147.140.74,100,791,1,2024-09-28 12:56:42,R_47jskn5iHLt8QgQ,,,,,34.7351,135.3105,anonymous,JA,1,49,Chrome,129.0.0.0,Windows NT 10.0,1920x1080,今日は土曜日であるにも関わらず早朝から仕事関係の打ち合わせが立て続けに入っていたのでお昼の時点で心身共に大変疲れてしまった。仕事が多いのはありがたいのだがもう少し身体と心に余裕を持ちたい。午後からも来客の予定が入っているので気を抜かずに最後まで頑張って仕事をこなしていきたい。とはいえ最近は疲れやすくなっており身体の疲れもなかなか抜けず少し困っている。何とかならないものだろうか。,2331402
2024-09-28 12:47:07,2024-09-28 13:04:19,0,36.8.244.19,100,1031,1,2024-09-28 13:04:19,R_4kLL91Mze1IXEsA,,,,,31.5344,130.7527,anonymous,JA,2,47,Chrome,129.0.0.0,Windows NT 10.0,1370x643,"今日、昼近くにスーパーやコンビニに買い物に行ったら、いつものようにお年寄りもいたけど、それ以上に若い人たちが多くてびっくりした。
特にコンビニは10代の子たちでいっぱいだった。
何でこんなに若い人たちが多いんだろうと思いながら、そこを出ると、近くの学校の学生さんたちの下校の様子も見えた。
そして、帰宅して買ってきたものを冷蔵庫に入れながら気づいた。
「そうか、今日、土曜日だ！だからか」と。
普段のお年寄りが多い風景もゆったりしてて自分はホッとするけど、今日みたいに若い人たちに出くわすとパワーを感じて、「たまにはいいもんだな」と思った。",3985102
2024-09-28 12:59:59,2024-09-28 13:05:26,0,106.73.129.224,100,327,1,2024-09-28 13:05:27,R_4Cxeywp0iMj1dmZ,,,,,35.6063,140.1276,anonymous,JA,1,21,Edge,129.0.0.0,Windows NT 10.0,1920x1080,"本日は６時に起床。入浴と朝食を摂った後昨日残した仕事を片付けた。
終了後筋トレとエアロバイクを漕ぎ、スーパーの弁当を買いに外出。日用品含め必要なものを買いそろえた後ファークライ6というオープンワールドFPSゲームを自宅のデスクトップPCで遊んだ。",KoHaRu09
2024-09-28 12:57:29,2024-09-28 13:05:48,0,114.69.80.80,100,499,1,2024-09-28 13:05:49,R_42VMO17e6FxpYS3,,,,,35.6865,139.7459,anonymous,JA,2,33,Safari iPhone,17.6,iPhone,375x667,久しぶりに７時に起きた。10時から販売される時計を買いに行く為に頑張って早起きして出かけた。すべては夫の為。その時計は店舗限定品で、住んでいる近くでは買えないが、今回は移動販売で近くまで来たから、車で約40分の場所まで頑張って行った。着いたのは8時40分。もう既に結構並んでいて、私は26組目だった。時計は11色で、各色何個あるかも不明。希望の色が買えるのかどうか不安に思いながらも並んで待つしかない。9時過ぎにはだいぶ並びはじめていた。そしてずっと立ちっぱなしで待ち、10時にいよいよ販売開始。しかし、なかなか皆さんゆっくりで…実際に私が買えたのは11時だった。そして奇跡的に希望の色が買えた！ラスト１つだった！お店の人にも強運ですねと言われた。なんとか無事に目当てのものが買えて嬉しい。あとは夫に３ヶ月も早いクリスマスプレゼントとして渡す。,ys15_cw
2024-09-28 13:05:03,2024-09-28 13:10:49,0,106.73.129.192,100,346,1,2024-09-28 13:10:49,R_4mn9f6crDnCKooh,,,,,35.6063,140.1276,anonymous,JA,1,49,Chrome,129.0.0.0,Windows NT 10.0,1220x686,昨日予定が多かったので朝起きるのが遅く一日が短くなりそうだ、天気はやや曇っているくらいなので出かけるのは難しくなく助かった。日常的な雑務は昨日やっていたため今日は作業が少なく、ある程度自由に行動できそうである。,3564821
2024-09-28 13:08:44,2024-09-28 13:12:58,0,114.134.238.95,100,254,1,2024-09-28 13:12:58,R_44l4gV5bmgfexZf,,,,,35.4346,139.6483,anonymous,JA,2,47,Chrome,129.0.0.0,Windows NT 10.0,2752x1152,今日は夜中に起きることなく朝までよく眠れた。睡眠時間をしっかりとれると気持ちが清々しく、体も快適だ。朝食の後はラジオ体操。第二までやると固まった体がほぐれて気持ちいい。午前中は溜まった洗濯や掃除を片付けたので、午後からは自由時間だ。読書や好きなことをしてリラックスしようと思う。,4658590
2024-09-28 12:58:27,2024-09-28 13:14:37,0,126.92.27.106,100,969,1,2024-09-28 13:14:38,R_4Pj1745qTEvwnHw,,,,,35.6897,139.6895,anonymous,JA,2,50,Chrome,129.0.0.0,Windows NT 10.0,1536x864,曇り空だが、予報では雨は降らないようだ。涼しい風が窓から家の中に入ってくる。秋の風だ。昼食後、睡魔が襲ってくる。ウトウトとうたた寝をするのが気持ちよい。夏だとこうはいかない。いつまでも眠りたいけれど、夕飯の事を考えねばならない。私の日常なんてこんなものだ。ドラマチックな出来事など起こらない。さしずめさざ波ぐらいか。それでも人生最後の時には「良い人生だった」と思うのだろうか。,rdkny933
2024-09-28 13:13:40,2024-09-28 13:16:15,0,60.145.56.36,100,155,1,2024-09-28 13:16:16,R_4tgZzAMPrMUAbMB,,,,,34.9127,135.8094,anonymous,JA,2,28,Safari iPhone,17.7,iPhone,375x667,認知症病棟に入院している祖母の面会に行った。元気そうだったが、私のことは忘れてしまっていた。とても悲しい。話も通じず、会話に困った。次回の面会予約はせずに帰ってきてしまった。今後の面会をためらっている自分が情けなくなった。,4550563
2024-09-28 13:19:27,2024-09-28 13:22:09,0,121.81.185.167,100,162,1,2024-09-28 13:22:10,R_4CpTt5WeWHe3O0N,,,,,34.8007,135.3579,anonymous,JA,2,55,Chrome,129.0.0.0,Windows NT 10.0,1536x864,朝5:30に起床。亡くなった犬たちにお線香をあげて瞑想。朝食後、7:30より20kmのサイクリング。曇り空だが風が強い。いつものカモたちは今日も元気にパンを食べてくれた。帰宅尾は自転車を拭いて家族とスーパーに買い物。お昼ご飯を食べた後はオンライン英会話をして副業のWebライティング。この後の予定は特になく、家でまったりして夕食後は録画していたテレビを見る。いつも通り21:30就寝予定。,3551128
2024-09-28 13:17:21,2024-09-28 13:23:58,0,115.179.145.9,100,397,1,2024-09-28 13:23:59,R_4eRxZSoIMqWvtLm,,,,,43.0459,141.3543,anonymous,JA,2,46,Chrome,129.0.0.0,Windows NT 10.0,1920x1080,今日は朝からとても良い天気だったので、洗濯をしました。外に干したので、きっと夕方には全部乾いていると思います。午前中はスーパーやホームセンターへ買い物へ行きました。お昼はケンタッキーフライドチキンを家族で食べ、午後は眼科へ行く予定です。けっこう忙しい日ですが、夜にはゆっくり過ごすことができると思います。,148287
2024-09-28 13:20:21,2024-09-28 13:24:29,0,121.80.48.171,100,248,1,2024-09-28 13:24:30,R_4hzpL2g03D2wKV0,,,,,34.8326,134.6722,anonymous,JA,2,43,Edge,128.0.0.0,Windows NT 10.0,1536x864,今日は、息子の県大会の試合で5時起きだった。数日前から、今日の朝、自分も息子もちゃんと起きられるか心配だったが無事に起きられてホッとした。相変わらず朝からバタついて何とか出発したが、何の連絡もないということは無事にみんなと集合できてバスで試合に行けたんだろう。試合結果はどうだったんだろうか？また、帰ってきたら聞こうと思う。息子が帰ってくるまで、早起きだったからゆっくりしよう。,113407
2024-09-28 13:18:46,2024-09-28 13:25:02,0,124.209.254.50,100,376,1,2024-09-28 13:25:02,R_4xK5gmhFroZAlhL,,,,,35.9027,140.1809,anonymous,JA,2,30,Safari iPhone,17.6,iPhone,390x844,今日は昨日より涼しくて少し寝坊してしまった。でも過ごしやすい気温のおかげで心身ともに穏やかで嬉しい。予定も少しだけ入っていて外に行けるのが楽しみだ。好きな映画も見れそうでちょっとずつストレス発散ができそう。,2600289
2024-09-28 13:00:26,2024-09-28 13:29:52,0,106.154.143.16,100,1766,1,2024-09-28 13:29:52,R_4KmdkEg1WTEmaG0,,,,,35.6837,139.6805,anonymous,JA,2,42,Chrome,128.0.0.0,Windows NT 10.0,1536x864,昨日の自由民主党総裁選挙は、第１回目の得票数は高市氏が石破氏を上回っていたが、決選投票で順位が入れ替わる逆転劇が起きた。SNSで石橋湛山と岸信介が争った1956年総裁選と似ているとの指摘を多く見かけた。高校で日本史を選択しなったこともあるが、まったく知らない事実であった。Wikipediaには当時の票の奪い合いが書かれていて興味深かった。,5196867
2024-09-28 13:30:26,2024-09-28 13:35:09,0,60.96.67.93,100,283,1,2024-09-28 13:35:10,R_4phk3SvkITjH85U,,,,,34.7385,136.5207,anonymous,JA,2,47,Chrome,129.0.0.0,Windows NT 10.0,1920x1080,今朝は6時半に起床して子供を学校へ送り出しました。午前中は子供の運動会が開催される為に見学してきました。100メートル走では１位でゴールテープを切るところを見られて感慨無量です。学年での団体演技では苦手である体力を使った内容ではありましたが、しっかりと取り組んでいる様子が見られて子供の成長を感じることができて胸がいっぱいになりました。我が子でなくても懸命に取り組む子供の姿はやっぱり感動するものなんだなと思います。,2977582
2024-09-28 13:31:52,2024-09-28 13:38:59,0,59.84.139.242,100,427,1,2024-09-28 13:38:59,R_4Tpiz3YqYsY6FEy,,,,,34.9882,138.3742,anonymous,JA,2,52,Firefox,130.0,Windows NT 10.0,1600x900,"午前中、定期通院の帰りにファミマに寄ってサンドイッチを買った。わりと久しぶりにコンビニのサンドイッチを食べたような気がするなぁ。たまに食べると美味しいね。家族も同じことを思ったみたい。
次回の予約は、11月16日9時半から
今月から病院の診療方針が変わったとのこと
既往症や服用している薬などの問診を書いた。
理由は聞いていないのでわからない、謎。",クラウドワークスID
2024-09-28 13:35:53,2024-09-28 13:40:33,0,106.72.183.33,100,279,1,2024-09-28 13:40:33,R_4DkLxELsVH3j4gF,,,,,35.754,139.7803,anonymous,JA,1,35,Firefox,130.0,Windows NT 10.0,1536x864,"今日は友人の家に車で本を引き取りに行きました。
元々こちらが興味を持っていたもので、処分するので良ければ譲ってくれるということだったので喜んで向かいました。
またその友人に会うのも久しぶりだったので、互いの近況などを話し、次に会う約束も簡単に。
ただ相手はもう昼なのにまだ寝ていたようで、半分寝ぼけているような会話だったのがちょっと面白かったです。",3327831
2024-09-28 13:42:30,2024-09-28 13:46:47,0,59.146.184.188,100,257,1,2024-09-28 13:46:47,R_44bM9de0UmXltQx,,,,,35.0712,137.171,anonymous,JA,1,21,Safari iPhone,17.6,iPhone,375x667,今日は昨日、自民党総裁が決まったということもあり、それについて色々と調べていました。株式投資を普段からしているため、今後の計画の練り直しも兼ねてしていました。今後の株式投資がかなり難しいものになりそうでかなり不安を感じました。,4651532
2024-09-28 13:51:57,2024-09-28 13:57:06,0,124.122.193.86,100,309,1,2024-09-28 13:57:06,R_4MMrKvtJKZ1n2xz,,,,,13.7063,100.4597,anonymous,JA,2,52,Chrome,129.0.0.0,Windows NT 10.0,1182x739,今日は週末土曜日の朝。普段仕事で忙しい夫も休みなので、家族そろって愛犬のお散歩に行くことができます。愛犬も家族が一緒だと嬉しいようで終始笑顔。私が少しでも遅れをとると後ろを振り向き「早く！」と催促する姿が物凄く可愛いです。,878721
2024-09-28 13:55:57,2024-09-28 13:58:42,0,220.102.25.150,100,165,1,2024-09-28 13:58:43,R_4YlhOb0D1R308j8,,,,,34.915,136.1727,anonymous,JA,2,37,Safari iPhone,17.4.1,iPhone,375x812,"充希ちゃんの歯の色が心配なので歯医者を予約。一歳半過ぎぐらいの月齢でも歯が生えていれば見てくれるそう。ただ平日でも10/16以降、土曜日だと11/16しか空いていないそうで、とりあえず11/16で予約。それまでに他の歯医者の予約が取れたらと思い、夫に買い物がてら評判の良い小児歯科を見に回ってもらったものの、駐車場が入りにくく出にくいため私には無理だった。11/16までとりあえず現状維持せねば。
充希ちゃんの昼ごはん用に先週作り置きしていたシイラそうめん、食べが悪いなと思っていたら生臭かった。火は通っているのでシイラの臭みが出てしまったんだと思う。むしろ3口程度でもよく食べてくれていたなと思った。代わりに、月齢が過ぎたので処分しようかと思っていた和光堂のお弁当セットをあげたら脇目も振らずに食べた。ごめんね…。安いと思って初めてシイラを買ったけれども、大人用にフライにしておけばよかった。",1220629
2024-09-28 12:17:52,2024-09-28 14:02:44,0,14.13.192.2,100,6291,1,2024-09-28 14:02:44,R_4eit0Qe5NfV4vw5,,,,,35.0012,135.8952,anonymous,JA,2,50,Chrome,129.0.0.0,Android 10,412x869,朝晩だいぶ涼しくなった。日中も身の危険を感じる日差しはなくなり、ようやく秋の訪れを実感出来るようになった。今までは夏が終わると一抹の寂しさを感じていたものだが、今年は酷暑の日々から解放されて安堵しかない。短い秋を精一杯満喫したい。,1117797
2024-09-28 14:02:58,2024-09-28 14:16:59,0,138.64.211.9,100,841,1,2024-09-28 14:17:00,R_4f4ckIV3cPQTF2W,,,,,34.6922,135.1816,anonymous,JA,1,54,Edge,129.0.0.0,Windows NT 10.0,1366x768,朝から曇り空の始まりだったが、湿度が低いので扇風機さえあれば過ごしやすい一日だった。昨日到着予定だったアマゾンで購入した商品が今日届き、期待通りの良品だったので、次回のバイクツーリングでの外出時には早速、身に付けてみよう。その際、友人たちに見せてみて、彼らの反応や意見を聞いてみるのも楽しみだ。,3536109
2024-09-28 14:14:44,2024-09-28 14:17:26,0,179.6.54.229,100,161,1,2024-09-28 14:17:26,R_3Sq3P9mpAsDuuRr,,,,,-7.163,-78.5008,anonymous,JA,1,45,Chrome,129.0.0.0,Windows NT 10.0,1366x768,朝起きた時はいつもより肌寒い感じがしました。熱中症対策の大切さがかなり強調されていた今年の夏のうだるような暑さは嫌ですが、秋になり冬の訪れが思いの中によぎってくると夏の暑さが少し懐かしく思います。そんなことを考えながらいつものように仕事に行き、同僚たちは何を考えているのだろうかと電車の中で思いめぐらしつつ一日を始めました。,4733003
2024-09-28 12:12:37,2024-09-28 14:18:17,0,106.133.31.229,100,7539,1,2024-09-28 14:18:17,R_4avbxYCXMltYTbX,,,,,35.6837,139.6805,anonymous,JA,1,43,Chrome,129.0.0.0,Android 10,385x833,"本日は、昼からの仕事で、気温、湿度が高く暑いと感じられました。
通勤時の電車車内も土曜日の休みで混雑もしておりました。
接客はそんなに忙しくも無いと感じられました。
夜間までの勤務なので、ゆっくりやっていければと感じております。
夜には涼しくなると感じております。",4011894
2024-09-28 14:23:07,2024-09-28 14:27:34,0,60.111.103.189,100,267,1,2024-09-28 14:27:35,R_4DMWJlW64xCVWjo,,,,,35.6837,139.6805,anonymous,JA,2,40,Safari iPhone,17.3,iPhone,375x667,今日は土曜日なので、たくさん洗濯をしました。子供達は週末になると体操服や給食当番のエプロンを持ってくるので、普段より洗濯物が多くなります。たくさんの洗濯物を干すのは大変ですが、私は洗濯を干すという家事が意外と好きなので楽しくもあります。,1641297
2024-09-28 14:24:59,2024-09-28 14:30:52,0,131.147.18.41,100,352,1,2024-09-28 14:30:53,R_4LZ4EF7SY1tD8FF,,,,,35.7737,139.9847,anonymous,JA,2,38,Chrome,129.0.0.0,Android 10,360x800,今日は娘の幼稚園の行事が地元のお祭り内にあり、朝から出掛けた。人も多く、友達ではない『知人』にもたくさん会いとても疲れた。昨日から生理が始まり、昨日は眠くて眠くてたまらなかったが、今日は些細なことですぐイライラした。工作コーナーのおばあさんの言うことについ反論してしまった。今は反省しているかと思えば、いやいや、まだイライラが残っている。まぁおばあさんも嫌な気持ちがしただろうな。,1264394
2024-09-28 14:31:33,2024-09-28 14:33:23,0,219.115.191.29,100,109,1,2024-09-28 14:33:23,R_4QLUwQbZujgP5pq,,,,,34.5742,135.4777,anonymous,JA,1,27,Safari iPhone,17.6,iPhone,390x844,"今日は、自宅に恋人が遊びに来てくれました。
午前中はぐだぐだしていましたが、午後からはこれから一緒に住む予定のマンションの内覧に行きました。疲れましたが、良い物件と出会うことができて良かったです。
今日はたくさん寝ることもでき、充実した1日でした。",mo3177chi
2024-09-28 14:34:37,2024-09-28 14:38:00,0,126.179.158.191,100,203,1,2024-09-28 14:38:01,R_45VpOvoU54XvKCJ,,,,,35.6897,139.6895,anonymous,JA,1,34,Chrome,128.0.0.0,Android 10,485x1049,今日は11時から仕事です。飲食店で働いていて、いつも閉店までいるので、帰宅は22時を過ぎます。毎日疲れます。今は休憩中。今日からスタートする新商品を食べています。どうかなと思っていましたが、いい感じです。また今度食べようかなと思います。,naotok24
2024-09-28 14:35:07,2024-09-28 14:39:53,0,14.13.72.96,100,286,1,2024-09-28 14:39:54,R_4McB6cd0QLWZczS,,,,,34.3316,134.0452,anonymous,JA,2,26,Safari iPhone,17.6,iPhone,375x812,今日は、妊娠9ヶ月の2週目、34週に入った。ここ最近は毎日胎動がすごく、お腹が痛いが、赤ちゃんが元気に動いている証拠だから嬉しい。実家に里帰りしてから毎日することがないが、今日は出産や子育てに向けての準備ができたから良かった。,4006340
2024-09-28 14:37:55,2024-09-28 14:40:48,0,202.220.229.141,100,173,1,2024-09-28 14:40:49,R_4kUhitc6pa5uQkY,,,,,36.0696,140.1051,anonymous,JA,2,42,Edge,129.0.0.0,Windows NT 10.0,1366x768,"今日は子ども達の授業参観がありました。
4年生の長男はSDGsに関するグループ発表でした。皆、PowerPointを使いこなして上手にプレゼンしているのでびっくりしました。1年生の次男は足し算引き算カードを使って規則性や法則を見つける授業でした。普段見ることの出来ない、学校での姿を垣間見ることが出来たので良い時間でした。",makimaki0519
2024-09-28 14:34:56,2024-09-28 14:40:49,0,14.8.40.193,100,352,1,2024-09-28 14:40:49,R_4fczNdOwqn3hH45,,,,,36.2151,139.2467,anonymous,JA,2,32,Chrome,129.0.0.0,Windows NT 10.0,1536x864,今日は、部屋の収納ボックスを置く棚を買いに行きました。普段、収納ボックスは家の床に置いてありますが、ボックスの数が増えるとともに段々と部屋を埋め尽くすようになり、整理することに決めました。ホームセンターで程よい大きさのスチールラックを見つけて、買ってきました。1人で簡単に組み立てられたので、使用するまでの手間も少なく、スムーズでした。無事に部屋の片付けも進みました。,195410
2024-09-28 14:46:39,2024-09-28 14:49:29,0,175.177.223.74,100,169,1,2024-09-28 14:49:29,R_40xG056QcdIR0nF,,,,,35.4346,139.6483,anonymous,JA,2,37,Chrome,129.0.0.0,Windows NT 10.0,1920x1080,"やっと涼しくなり、お昼でもエアコンをつけずに過ごせるようになってきた。
今日は、期間限定で出店しているお店のクロワッサンシュークリームを買いに、駅までウォーキングしてきた。
抹茶味を購入して食べたが、クロワッサンシュー生地の食べ応えとぎっしり詰まった抹茶クリームの組み合わせに非常に満足した。",2848289
2024-09-28 13:48:09,2024-09-28 14:56:50,0,121.104.209.123,100,4121,1,2024-09-28 14:56:51,R_5KxA2Qp0fEwnos3,,,,,38.3535,140.3756,anonymous,JA,2,48,Chrome,129.0.0.0,Windows NT 10.0,1280x720,午前中、中3の息子とともに高校の学校説明会に参加しました。県内トップの進学校ですが、思いのほか自由な校風で、息子は「絶対ここに入りたい」と気持ちを新たにしていました。定員に対し学校説明会に来た生徒の数は２倍だそうで、ライバルは多いですが、息子なら大丈夫と信じています。,4340461
2024-09-28 14:52:47,2024-09-28 15:00:31,0,126.250.233.99,100,463,1,2024-09-28 15:00:32,R_4NhyhcYa1rpz3Hz,,,,,35.6837,139.6805,anonymous,JA,1,49,Chrome,128.0.0.0,Linux x86_64,600x1024,"晴れ間のないどんよりとした朝を迎えて気持ちの良さを感じないスタートでした。
いつものように身だしなみ整えながらコーヒータイム。
折角の土曜日でリフレッシュも兼ねて出掛けます。
普段より少しゆっくり目に行動して昼食を含めて街を散策しました。
夕方からは家で過ごそうと思っていましたので早めに帰宅してゆっくりしています。
夜は見たいテレビ番組がありましたのでたくさんのリラックスグッズを用意しました。",877724
2024-09-28 14:47:43,2024-09-28 15:02:46,0,1.73.17.218,100,902,1,2024-09-28 15:02:46,R_4rPMmKpByt7iFZu,,,,,34.6986,135.5079,anonymous,JA,1,37,Safari iPhone,17.6,iPhone,393x852,今日は子供を連れて車で買い物へ行きました。子供は道中の車の中で寝ていたので、店に着くと起こされてとても不機嫌になりました。なんとかなだめて日用品や食料品を買いました。その後、我慢できたご褒美として回転寿司に行って好きな物を食べさせてあげました。,4562747
2024-09-28 15:02:59,2024-09-28 15:07:19,0,122.214.164.24,100,260,1,2024-09-28 15:07:20,R_4FROlb5GLUQpYii,,,,,38.2658,140.9687,anonymous,JA,2,52,Chrome,129.0.0.0,Windows NT 10.0,1536x864,今日は朝から仕事をしていました。クライアントさんのログ分析のお仕事ですが、動きが少なくてつっこみどころを探すことに四苦八苦しました。成果品のボリュームが少なくこれで大丈夫なのか不安なところです。納期までまだ日数があるので今後の動きに期待したいところです。,mor2kir1500
2024-09-28 15:01:59,2024-09-28 15:11:48,0,60.61.105.49,100,589,1,2024-09-28 15:11:48,R_40dT92fX39w621e,,,,,35.6517,139.3221,anonymous,JA,2,42,Chrome,129.0.0.0,Android 10,384x896,今日は息子と学校の宿題のプリントを一緒にやりました。算数のプリントでかさの学習でしたが、プリントの中だとイメージが分かりにくいため実際に実験してみることにしました。大きいプラコップと小さいプラコップ用意して同じ量だけの水を入れる。どっちが多いか聞くと、息子は小さいコップの方を指さしました。じゃあ実際に比べてみようと同じコップに入れると水は同じ量。息子はびっくりしながらもニヤニヤして私はしたことと同じことを夫にやりに行きました。夫は察して騙されてくれるかなと思いきや、理系はそうはいかずド正論を息子に回答してました。悔しがった息子は、いろんな容器に水を入れて実験を始めました。そして色々な発見をし私や夫に教えてくれました。その様子を見ていて、微笑ましいと思うと同時に、今のこの時間を大切にしなければなと感じます。毎日毎日が大変なようでもあっという間に大きくなってしまうので、いろんなことを嬉しそうに報告してくれる姿もあと少し、この素敵な時間を大切にしたいです。,4587175
2024-09-28 15:06:52,2024-09-28 15:11:53,0,180.59.72.136,100,301,1,2024-09-28 15:11:53,R_4dyhub4Q6VPo1wj,,,,,33.8483,130.8477,anonymous,JA,1,45,Chrome,129.0.0.0,Windows NT 10.0,1384x779,今日は週末休みの初日ではあるが今週は特に外出の予定が無いので両日を使って用事を済ませることにした。10月前半の連休のタイミングに予定している広島旅行の期日が近づいてきたので準備で残っていた新幹線チケットの手配や当日参加する予定のイベントの情報収集を行った。移動スケジュールなどもこれで大体決まったので後は旅行当日の天候が良いものである事を願いたい所だ。,4923339
2024-09-28 15:05:44,2024-09-28 15:13:01,0,49.98.50.246,100,437,1,2024-09-28 15:13:02,R_4vdc83BNXmDg2xF,,,,,34.6892,135.4899,anonymous,JA,1,51,Chrome,129.0.0.0,Windows NT 10.0,1920x1080,"今日は休日だったこともあり、昨夜から今日の午後1時頃までの計15時間程ぶっつづけでゲームをしていました。
その為、食事は作る手間と食べるのに時間がかからないインスタントラーメンやパスタで済ませ、ゲームに集中していました。
午後1時頃にゲームを切り上げて入浴したり、今週録り貯めていたテレビ番組の整理。
不要な録画番組は削除、ブルーレイへ保存予定の番組はCMカットをし、それが終わると今週の未視聴だった番組をすべて視聴。
これが終わったのが午後3時ぐらいで、そこから昨夜からのゲーム疲れも手伝って爆睡しました。
",367640
2024-09-28 15:00:32,2024-09-28 15:14:43,0,195.135.55.151,100,851,1,2024-09-28 15:14:44,R_2BCzdZ8GpN3Rgf7,,,,,40.4172,-3.684,anonymous,JA,2,47,Chrome,128.0.0.0,CrOS x86_64 14541.0.0,1086x651,昨晩は中途覚醒なく久しぶりに熟睡することができ、目覚めが気持ちよく朝から活力がわいた。あいにく空模様が悪く散策はできそうにないので、以前から行ってみたかったレストランへ足を運びランチの予約を入れる。午後、店に着くと早めの予約時間にもかかわらず店は混んでいた。味のおいしいことはもちろん接客もほどよく気に入った。ファストフードを好み偏食の多い息子から開放され、料理人が作ったプロの味をゆっくり時間をかけて味わう。魚介類の濃厚な味、にんにくや薬味の隠し味、レモンの風味、野菜のおいしさに感動する。いつも息子の食べ残しばかり片付ける母親は悲しいものだ。座り方におしゃべり、食べこぼしなど行儀の是正に気を使う必要がなければ、食事とはこんなに楽しいのかと再確認した。同時に私に子育ては向いていないと痛感する。,2268853
2024-09-28 15:09:57,2024-09-28 15:15:58,0,118.86.82.249,100,360,1,2024-09-28 15:15:58,R_4H7Yo8ExJhfbEbk,,,,,35.6498,139.4103,anonymous,JA,1,44,Chrome,129.0.0.0,Windows NT 10.0,1920x1080,今日は6時30分から部屋を掃除した。パソコンの裏側にホコリが溜まっていたので、きれいにできて気分がスッキリした。午後からはPS3の「閃の軌跡」をプレイ。2回目の挑戦でラスボスの撃破に成功。続編となる「閃の軌跡2」を買ってプレイするのがとても楽しみだ。,1335657
2024-09-28 15:19:03,2024-09-28 15:22:29,0,121.92.149.249,100,205,1,2024-09-28 15:22:29,R_41BMt3PQkwBoVch,,,,,36.7135,137.227,anonymous,JA,1,32,Chrome,129.0.0.0,Windows NT 10.0,1920x1080,今日は仕事が休みだったので、家でテレビを見て過ごしました。今週は仕事が忙しかったため、録画予約をしていた番組が多く、その番組を順番に見ていました。バラエティ番組が中心でしたが、笑える部分がとても多く、日常のストレスが解消されたような気分でした。,5138531
2024-09-28 15:36:33,2024-09-28 15:46:15,0,153.151.71.6,100,581,1,2024-09-28 15:46:15,R_4ih9778CAjDhBzG,,,,,35.9625,139.3853,anonymous,JA,2,21,Chrome,129.0.0.0,Windows NT 10.0,1536x1024,今日はゆっくりと過ごしました。YouTubeで動画を見たり、ゲームのストーリーをじっくり読んだり、SNSをチェックしたりして、リラックスした時間を満喫。お昼寝も少しして、心も体もリフレッシュできました！,yume43
2024-09-28 15:00:12,2024-09-28 15:58:10,0,133.106.40.161,100,3477,1,2024-09-28 15:58:10,R_46Dejoj8G9ZhC5r,,,,,35.6837,139.6805,anonymous,JA,2,53,Chrome,129.0.0.0,Windows NT 10.0,1223x688,先週は残暑記録が更新されるほどエアコンがなくてはならなかったのに、昨夜窓を開けたまま眠ったら、肌寒くて目が覚めてしまいました。ここ数年でめっきり短くなっているけれど、今しか味わえない儚げで趣ある秋の時間をじっくりゆっくり堪能したいです。,3266322
2024-09-28 12:14:39,2024-09-28 16:02:07,0,133.149.94.2,100,13647,1,2024-09-28 16:02:07,R_4irQomEg89bi1Tf,,,,,34.8184,137.1842,anonymous,JA,2,35,Chrome,129.0.0.0,Windows NT 10.0,1280x800,今日は朝から晩まで仕事の日です。天気が悪いからか若干偏頭痛がするし、テンションが上がらない中、頑張って本日の業務をこなしています。今日やりたかった部分までは終わらせることができそうでよかった。お昼ご飯は、和風パスタを作って食べて、デザートにシャインマスカットを食べました。フルーツは高いけど、美味しいし幸せな気持ちになるから、定期的に食べるようにしています。,4495877
2024-09-28 16:07:51,2024-09-28 16:20:01,0,60.79.213.27,100,729,1,2024-09-28 16:20:01,R_4cqPES9McmPuLuh,,,,,35.4067,139.6035,anonymous,JA,2,52,Safari iPhone,17.6,iPhone,414x896,"今日は息子の学校の文化祭（作品展）があり、午後から出かけてきました。息子はこの夏、夫に手伝ってもらいながら最寄り駅の模型を仕上げました。ありがたいことに入賞できたようです。中学最後の学年に自分が重ねた努力の結果を形として残すことができ、本人も満足でしょうし、親としても誇らしい気持ちになりました。
同じクラスのお友達のお母さんと顔を合わせて少しお話しできました。楽しいひとときでした。",5616595
2024-09-28 16:38:26,2024-09-28 16:51:42,0,37.174.123.222,100,796,1,2024-09-28 16:51:43,R_83aqZzmnP6gaAIF,,,,,48.8582,2.3387,anonymous,JA,2,50,Chrome,129.0.0.0,Windows NT 10.0,1366x768,今週も無事に終わって安堵した。今朝は少し長く眠れて頭も体もスッキリ。フランス語の勉強もはかどった。猫たちは食欲旺盛で平常運転。有難いことだな。スーパーにも行けたし、娘とも電話で話せたし、やるべき事は全てクリア。もう9月も終わりとは、あっという間に今年が終わりそう。毎日を着実に過ごさなくては。,2884266
2024-09-28 16:46:56,2024-09-28 16:55:32,0,180.2.90.145,100,516,1,2024-09-28 16:55:33,R_4usqOm7JeRdxley,,,,,34.4952,133.2174,anonymous,JA,2,37,Safari,16.4,Macintosh,1024x1366,今日は職場のスタッフの人数が足らず朝早くから仕事に出勤しました。お店がオープンした後店内はとても忙しく、お客様が沢山来店する中スタッフの人数が足らないので、1人で3人分位の動きをしながら働きました。忙しすぎて内心疲れていたのですが、お客様に『忙しそうなのに、笑顔絶やさず偉いね！頑張ってね！』と言ってもらえて、とても元気付けられました。お仕事で大変な1日でしたが、お客様の温かいお言葉で癒された1日でもありました。,4008717
2024-09-28 12:10:09,2024-09-28 16:56:17,0,125.202.72.182,100,17168,1,2024-09-28 16:56:18,R_4Hi2aMRVXi4S0RH,,,,,43.0763,141.3654,anonymous,JA,2,38,Chrome,128.0.0.0,Android 10,424x753,"朝起きたら雨が降っていたから今日も犬の散歩行けないかなと思ったけど、止んだから行くことが出来て良かった。
Amazonで注文していた荷物が届いた。私と母のパジャマと犬の散歩用の服と猫の服。犬の服も猫の服も暖かそうで可愛い。予想していたものより良いものが届いて安心した。パジャマは予想していたものより生地が薄い感じがしたけど今の時季的には良いかも。
今夜はドラマ「マル秘の蜜子さん」の最終回。でも、猫ちゃんが騒ぎだす時間帯だから集中して観れるか不安。観れなかったら後日アマプラで観るしかない。",3153377
2024-09-28 16:40:53,2024-09-28 16:57:15,0,153.239.147.0,100,982,1,2024-09-28 16:57:15,R_4PAsEm2xZRckSj6,,,,,34.6986,135.5079,anonymous,JA,2,56,Chrome,129.0.0.0,Windows NT 10.0,1280x720,今日は、午前中から住んでいる団地内の植木の剪定と草むしりをやりました。以前から、ずっと気になっていて、私ひとりでの作業でしたが、途中から、ご近所のSさんが、助っ人で来てくださり、何とか終了出来ました。作業は大変でしたが、終わった後のアイスキャンディーの味が、いつも食べている物なのに、今日の味は、何故か格別な味がしました。やっぱりボランティア活動をしたことで、気持ちに変化があって、味の感じ方が違うのかなぁと思いました。自己満足なボランティア活動ですが、これからも続けたいと思います。,5208842
2024-09-28 16:53:39,2024-09-28 16:58:27,0,106.180.2.13,100,288,1,2024-09-28 16:58:27,R_4r27lWJ7h2u5lXQ,,,,,35.6897,139.6895,anonymous,JA,2,37,Chrome,129.0.0.0,Windows NT 10.0,1366x768,"今日は朝から天気がとても良かったので、散歩がてらスーパーを二店舗ってきた。
セールをやっているが、やはり価格は高く感じる。これからも値上げが続くのかと思うと気分が塞がってしまう。
それでもカボチャと鶏むね肉が安く変えたので、まあとりあえず良し、ということにしておこう。
帰り道に野良猫を六匹見かけた。可愛いのだけれど、このあたりは野良猫の数がとても多いのが気になる。
ちゃんとした飼い主に引き取られて、幸せに生きてくれたらいいのになあ。そううまくいかないのだろう。保護猫の団体も管理している数が多すぎて大変だと、前にイベントで言っていた。
猫ちゃん飼いたいけど、アレルギーがあるのと、最後まで責任を持てる自信がないからウチでは無理なのが悔しい。",4921532
2024-09-28 16:57:45,2024-09-28 17:00:43,0,180.198.153.184,100,178,1,2024-09-28 17:00:43,R_41ae04ssvuRD71J,,,,,34.7361,136.522,anonymous,JA,2,51,Chrome,129.0.0.0,Android 10,360x800,"今日は久しぶりに無印良品に行って、フランキンセンスのオイルを買った。このオイルはすごくいい匂いがするし、嗅いだ後は金運が上がる感じがするのよね。家に帰ってきてから早速アロマストーンにオイルを垂らして匂いを嗅いだ。明日からどんな形で臨時収入がやってくるか楽しみ！せめてオイル代を超える臨時収入がやって来ると嬉しいな。
",2106307
2024-09-28 17:06:05,2024-09-28 17:11:10,0,14.13.71.161,100,305,1,2024-09-28 17:11:10,R_4WfGWZVWp9rBjHP,,,,,35.5059,134.2099,anonymous,JA,2,49,Chrome,129.0.0.0,Windows NT 10.0,1280x720,近所の美術館のイベントで朝から街がにぎわっていた。出かけてみるとすごい人！帰りたくなるが、子どもが様々なワークショップを楽しんでいるのでそのまま居続けているうちに体がその場になじんできた。午後からの現代アーティストのレクチャーがとてもよい時間だった。空間と土地と人を大切にしているのが作品から伝わってくる。人やモノと真剣に関わり続けている人の言葉は自然とからだに入ってくる。とてもいい時間だった。,2503650
2024-09-28 17:08:04,2024-09-28 17:16:39,0,42.127.15.229,100,515,1,2024-09-28 17:16:40,R_4c72BHnm261bU2l,,,,,34.9882,138.3742,anonymous,JA,2,47,Chrome,129.0.0.0,Windows NT 10.0,1366x768,今日は朝から出勤する夫のお昼のお弁当と昼過ぎから夜の２１時まで塾に行く子供の夜ご飯のお弁当を作りました。子供が受験生になってから昼と夜の２回のお弁当を作ることが増えて大変ですが子供も頑張っているので頑張ろうと思います。午後からは不用品の断捨離や庭の手入れをしました。,Togotogo
2024-09-28 17:18:00,2024-09-28 17:23:33,0,118.106.111.207,100,333,1,2024-09-28 17:23:34,R_4pst4Zx7HA8Sp71,,,,,35.833,136.9456,anonymous,JA,1,32,Chrome,129.0.0.0,Windows NT 10.0,1920x1080,今日は以前から友人がお薦めしていた高級食パンをお土産にもらって友人たちと午後のおやつの時間に食べた。一斤1500円とかなり高かったが、触り心地はモチモチのフワフワで柔らかく、風味はほんのり甘くて何も付けなくてもしっかりと旨味を感じることができる非常に美味しい食パンだった。高級食パン自体はもうブームは去っていたが、ブーム時から気になっていた食パンを食べることができて満ち足りた気分になったことと、友人たちと充実した時間を過ごすことができて満足な一日だった。,3312891
2024-09-28 12:12:07,2024-09-28 17:23:54,0,14.12.98.193,100,18706,1,2024-09-28 17:23:54,R_4sbkRv9EYoGUw1O,,,,,33.1694,129.7186,anonymous,JA,1,48,Chrome,129.0.0.0,Windows NT 10.0,1188x668,今日は午前中から買い物にでかけてジャガイモと飼い猫のために餌を購入しました。買い物をしている間にお昼になってしまったので、ファーストフードによってハンバーガーとポテトを食べました。帰宅する途中でディスカウントショップに立ち寄り、夜に食べるためのアイスクリームを二つ購入しました。,95866
2024-09-28 17:27:07,2024-09-28 17:34:11,0,153.169.176.49,100,423,1,2024-09-28 17:34:12,R_4QS5gbPIm7s8bT9,,,,,35.6897,139.6895,anonymous,JA,1,38,Chrome,129.0.0.0,Windows NT 10.0,1280x720,今日は仕事が休みだったので、朝9時くらいまで寝ていた。昼御飯は、冷凍しているカレーを解凍して食べた。今日は特にすることがなかったので昼過ぎまでダラダラ過ごしていたが、晩御飯に今まで作ったことのない新しいパスタ料理を作るのに挑戦しようと思って、昼御飯を食べてからにスーパーに買い出しに行って、チーズやトマトなどの材料を買ってきた。,4213579
2024-09-28 17:32:17,2024-09-28 17:36:49,0,133.203.167.161,100,272,1,2024-09-28 17:36:50,R_4H3rZlwbkxWqSmR,,,,,35.859,139.4258,anonymous,JA,2,47,Chrome,129.0.0.0,Windows NT 10.0,1920x1080,午前中は買い物、合気道の送迎。昼ご飯はポモドーロ。食べ過ぎた。食後、子ども達が知育玩具で遊んでいる間、読書。芥川龍之介の「蜘蛛の糸」「杜子春」を読んだ。大昔読んだ記憶はあるが、流れる様な語りが心地よく「杜子春」の終わりの方で昼寝。子供に起こされコーヒーを飲んで復活。のんびりできた。,4175095
2024-09-28 17:31:14,2024-09-28 17:37:30,0,133.207.2.32,100,375,1,2024-09-28 17:37:30,R_4SeRLu4OUZUU1t9,,,,,35.1926,136.906,anonymous,JA,1,56,Edge,129.0.0.0,Windows NT 10.0,1366x768,今日の天気は曇りで、雨がいつ降り出してもおかしくない空模様だった。土日はクラウドワークスのタスク案件が激減するが、今日もそんな感じだった。夕方、近所のドラッグストアにいき、バナナと柿の種を買ってきたので、夜食で食べる。上野動物園のパンダが中国に返還されるとのことのよう。,5596175
2024-09-28 17:16:51,2024-09-28 17:42:07,0,133.201.103.0,100,1515,1,2024-09-28 17:42:07,R_4tb60fzS9R4Feqf,,,,,35.6641,138.5706,anonymous,JA,2,49,Safari,18.0,Macintosh,1470x956,この2ヶ月間、とある目標に向かって自分自身のほぼ全エネルギー、たくさんの時間、そしてお金もかけてやってきた結果が報われなかったのが10日ぐらい前のこと。物事が自分の思うようにいかなかったことが久しぶりな上に、過剰な期待に反する結果だったということ、そしてその経過の間に最近感じたことのなかった不快な思い、嫌なドキドキ（嬉しいワクワクでなく）、変な緊張を感じることが多く、いまだに落ち込んでいる自分がいる。落ち込んでいるという言葉よりももっと重たい気持ちだけれど、なんて表現するのがよいのかやる気が出てこないが適切かな。もちろん楽しいと思えたり、感謝の気持ちが溢れる日もあったが、なんだったんだこの2ヶ月という無念さ。結果が出た後に、いつもならプランBに向かってすぐに頑張れるように気持ちが切り替えられるけれど、その後2つの選択の中で迷って選んだ方もいまだに自分の思うような現実でなく、日々何だか無駄な時を過ごしている気がしてならない。物事は全て起こるべき時に起こるという言葉を信じて生きてきたから、いつもはうまくいかなくてもわりと受け入れられるけれど、今回のことはかなりのショックを受けた。後になればあんなこともあったな、ぐらいの小さな出来事になってしまうだろうと思うけれど、時間だけでなく失ったお金も大きく、考えるのは、なんであのタイミングであーなってこうなって、これがあったから自分がこう動いた、だからうまくいくはずだったのに、なんでこうなるの？とそんなことをいまだに考えてしまう。落ち込んでいる時間が勿体無いのもわかってはいるし、期待を抱き過ぎたがために結果が違ったことでショックが大きすぎることもわかっている。本当はもっと書いて吐き出したいが、多分同じ感情を違う表現にして書き出すだけなので、今日はここで終わり。多分明日もおんなじようなことを書いてしまうのかな。でもまだこの結果に対して自分が立ち直るプロセスにいて、これもプロセスの一部なので、深く考えず、思ったことを書くのがよいのだろう。久々に日記を書いたので、2ヶ月間の鬱憤から始まる内容で時間もかかってしまった、けれど、ちょっとはすっきりしたのかな。,1414611
2024-09-28 17:25:15,2024-09-28 17:42:27,0,60.105.47.70,100,1031,1,2024-09-28 17:42:27,R_4Kxx6hpdRkllaw0,,,,,35.6837,139.6805,anonymous,JA,1,52,Chrome,129.0.0.0,Windows NT 10.0,1280x1024,今日は朝7時に起床し、ゆったりとコーヒーを飲みながら、昨日の自民党総裁選の決戦投票の様子や、新総裁に選ばれた石破茂氏のインタビューなどを振り返りながら見てました。日経平均株価の急落や消費税15%などの不安な要素はありますが、国民の為のクリーンで透明性のある良い政治に心から期待したいと思いました。その後予定通りの仕事をこなし、顧客満足度の高いサービスの提供ができるよう意識しながら仕事に励みました。,SGヘルスケア
2024-09-28 17:41:14,2024-09-28 17:50:15,0,221.185.49.74,100,541,1,2024-09-28 17:50:16,R_4YCRua6I5DEThBL,,,,,34.7037,135.713,anonymous,JA,1,47,Chrome,129.0.0.0,Windows NT 10.0,1920x1080,"朝8時頃に起きてご飯を食べました。洗面やトイレの後は着替えを行い、それからU-NEXTを使って以前から少しずつ見ているドラマの続きを見ていました。12時に昼ご飯を軽く食べ、それから車を洗いました。洗車とワックスがけ、車内の掃除をひとりで行って時計を見ると15時。次は洗面所とお風呂掃除をしました。この作業は合計で2時間ほどかかりました。

そして今に至ります。今は休憩中ですがこれから晩ご飯を作り、20時には食べ終わって後片付けもすべて済ませる予定です。そして風呂に入って再び24時頃までU-NEXTでドラマの続きを見ようと思っています。",114735
2024-09-28 17:49:35,2024-09-28 17:53:24,0,114.162.133.6,100,228,1,2024-09-28 17:53:25,R_4gVySOwgvr7kzjX,,,,,38.2951,140.7859,anonymous,JA,2,37,Chrome,129.0.0.0,Windows NT 10.0,1536x864,子どもの幼稚園の運動会がありました。天候が心配されましたが、なんとか無事に開催出来てよかったと思いました。子どもが楽しそうに演技する様子や一生懸命走る様子も見ることができて大変満足しております。午後からは慣れない仕事をしたことで過度な緊張状態になり、頭痛と吐き気がしています。解熱鎮痛薬を服用し、今日は早めに休むことにします。,4409144
2024-09-28 17:51:41,2024-09-28 17:54:51,0,61.46.232.75,100,190,1,2024-09-28 17:54:51,R_4ruKYDJ9KOWPiHJ,,,,,34.827,135.4639,anonymous,JA,1,33,Chrome,129.0.0.0,Windows NT 10.0,1920x1080,今日は土曜日ですが仕事があったので、午後4時ごろまで働きました。その後スーパーに買い出しに行き、食料品や日用品を買い揃えました。また、自転車屋に行って新しい自転車の注文を済ませました。帰宅後は少し休憩し、夕食を自炊しました。,1041184
2024-09-28 17:20:55,2024-09-28 17:55:18,0,203.174.228.65,100,2063,1,2024-09-28 17:55:18,R_4L1ON2Bh92e863F,,,,,33.2337,131.5928,anonymous,JA,2,56,Chrome,129.0.0.0,Windows NT 10.0,1536x864,"9月28日土曜日。今日土曜日は、週一回の食料買い出しの日と決めている。午前中に地元のスーパーへ行った。野菜の値段が高く、必要最小限を購入。母の好物だった柿が売り場に並び始めたので、お供え用に購入。今年は柿よりもみかんの方が高価に感じる。帰りに病院で、電話でお願いしていた弟の薬をもらって帰宅。終始曇り空だったが、蒸し暑く、帰宅まで、なんとか雨は降らずに済んだ。
今日は、夕方、「千原ジュニアのタクシーの乗り継ぎ旅」の放送があるので、楽しみだ。TVerで見られるようになったのでうれしい。",2579314
2024-09-28 17:16:32,2024-09-28 17:57:49,0,138.64.233.115,100,2477,1,2024-09-28 17:57:50,R_4yeZQytNDa78Nws,,,,,35.0203,135.7602,anonymous,JA,1,39,Edge,128.0.0.0,Windows NT 10.0,1536x864,"今日は前日に深夜遅くまで仕事をしていたこと及び、おとといの仕事量が多かったものだったので、基本的には寝ていました。

そしたら、かなりすっきりな感じになりましたので、午後からはやや活動的な状況で過ごすことができたと思います。

仕事もかなりありましたが、今日のうちにかなりすっきりさせることができました。",106610
2024-09-28 17:46:32,2024-09-28 17:58:57,0,60.124.23.27,100,745,1,2024-09-28 17:58:58,R_47BsJNqMr5fO79U,,,,,35.6725,139.4995,anonymous,JA,1,35,Chrome,129.0.0.0,Windows NT 10.0,1360x768,今日は朝7時頃に起きて朝ご飯を食べました。9時からドジャースの大谷の試合をテレビで見ていて、大谷がホームランを打って嬉しくなりました。12時頃にお昼ご飯を食べて13時からコンサドーレ札幌のサッカーの試合をテレビで見ました。負けられない戦いだったので勝つことが出来てとても嬉しい気持ちになりました。16時頃に借りている自分の畑に行って色々な野菜を収穫してきました。今日一日充実した一日を過ごせたと思います。,603644
2024-09-28 17:54:54,2024-09-28 17:59:25,0,183.176.139.57,100,270,1,2024-09-28 17:59:25,R_42rZEYE9bHCk1AR,,,,,34.3424,134.044,anonymous,JA,2,37,Chrome,129.0.0.0,Windows NT 10.0,1280x720,"今日は体調があまり良くなかったので、ゆっくりと過ごしました。
少し体を動かしたいなと感じる時間もあったので、ラジオ体操を1回行いました。
今日の朝は涼しかったのですが、昼から夕方にかけて気温が上がり、少し体に堪えました。ですが、秋らしい気温や風を感じられるようになってきたので嬉しく思います。",5261619
2024-09-28 17:57:18,2024-09-28 17:59:43,0,124.36.156.249,100,144,1,2024-09-28 17:59:44,R_4aZC84O3DvaGoal,,,,,35.5381,139.4479,anonymous,JA,2,32,Edge,128.0.0.0,Windows NT 10.0,1536x1024,"今日は息子の運動会でした。数日前から雨予報が出ており、昨日の段階で今日の開催は怪しいかなと思っていましたが、無事に開催されて良かったです。
曇りでしたが、途中から日差しも出てきて親子ともども汗をかなりかくぐらいでした。
練習の成果もあり、かけっこやパラバルーン、たてわりのダンスも見事にこなし、去年よりも成長した姿を見ることができて親としてはとても嬉しくなりました。",2799811
2024-09-28 12:48:04,2024-09-28 18:01:24,0,219.101.12.7,100,18800,1,2024-09-28 18:01:24,R_4Y9hQXGIYGewtuV,,,,,35.2493,136.9596,anonymous,JA,1,30,Edge,129.0.0.0,Windows NT 10.0,1920x1080,もう９月末というのに未だに暑く感じる朝で目覚める。相変わらず気持ち良く起きれない。朝食と顔を洗い歯を磨いたらまだ涼しい内に軽い運動を済ませる。ドジャース・大谷翔平の試合が始まる前に帰って来れて54号3ラン本塁打も見れた。素晴らしい朝を実感すると同時に散髪へ出かけた。散髪中、何やら違法駐車があったようでちょっとしたトラブルを目撃した。昼食を経て、昼からも運動しようと思ったが夕方まで天気が不安定だったため家の掃除をすることにした。,5704605
2024-09-28 17:37:07,2024-09-28 18:03:10,0,219.104.98.104,100,1562,1,2024-09-28 18:03:10,R_4zD3k21sWi28Ocx,,,,,33.0222,130.4475,anonymous,JA,1,46,Chrome,129.0.0.0,Windows NT 10.0,1366x768,"今日は弁当１２０個を作ってお寺に持っていく仕事があったので、すごいくたびれました
朝の５時に起きて弁当を作り始めて８時にお寺へ出発し９時前にお寺に届きました。なので今日の店の営業はランチの部だけで、１５時には仕事から帰宅しました。明日は日曜日なので家でゆっくり過ごそうと思っています。",2810580
2024-09-28 18:03:21,2024-09-28 18:10:24,0,115.179.14.76,100,422,1,2024-09-28 18:10:25,R_4l9m3q516k0TWRb,,,,,40.8068,140.4,anonymous,JA,1,45,Chrome,129.0.0.0,Android 10,601x962,今日の午前は子供の授業参観だった。妻が学校に行き、私は昼御飯の準備をした。メニューは子供達のリクエストで味噌ラーメンを作った。普段も時折作るが、今回は色々調べていつも少し違う調味利用など使用した。どうやらラードで挽き肉を炒めるのが濃厚な味になるコツのようだ。味も自分的には上々で、子供達も上手いと言って満足げだったのが嬉しかった。,5109125
2024-09-28 12:55:37,2024-09-28 18:12:17,0,218.220.20.194,100,18999,1,2024-09-28 18:12:17,R_49bR9rFCkMJrMMV,,,,,34.793,135.4632,anonymous,JA,1,60,Chrome,129.0.0.0,Windows NT 10.0,1366x768,"昼食時に物足りなかったので、昨日で賞味期限切れのどら焼きを食べようと思った。
見たら220kCalもあった。150kカロリーくらいと思ったのだが。
少し迷ったが結局食べた。思ったほど体重が増えなかったので良かった。",akimi381
2024-09-28 18:12:07,2024-09-28 18:14:43,0,117.55.13.100,100,156,1,2024-09-28 18:14:44,R_4Toq8eMTKNhQumn,,,,,35.6837,139.6805,anonymous,JA,2,44,Safari iPhone,18.0,iPhone,375x812,今日は何でもない日だった。朝洗濯をして、干して、ゴミ出しして、少し昼寝。お昼は余ったカレーを、子どもたちと食べて、買い物へ。午後もスマホやタブレットを見ながらぼーっとして過ごした。気温と湿度がそれなりに高く、かなり暑い日だった。,5218071
2024-09-28 18:16:42,2024-09-28 18:21:37,0,126.182.179.111,100,295,1,2024-09-28 18:21:37,R_4VQ5rSEV7Cmrzru,,,,,35.6837,139.6805,anonymous,JA,2,39,Safari iPhone,17.7,iPhone,375x812,今日は仕事で初めて麻布台ヒルズに行った。こんな場所があるとは全く知らなかったが、とても綺麗に整備されていて、土曜日だからか外国人などの観光目的と思しき人たちも多くいた。エルメスなど高級ブランドの路面店が並び、普段の自分には縁のない場所である。仕事場からは東京タワーが見えたが、帰りに地上まで降りて探してみると全く見えず、ビルの多さに辟易としたものだ。麻布台ヒルズには芝生や木、小川などが造られており、都会でありながらも開放感と癒しを感じる空間になっていた。,1147884
2024-09-28 18:23:18,2024-09-28 18:26:06,0,119.242.50.217,100,168,1,2024-09-28 18:26:06,R_4Ba3hioXLxn4FRw,,,,,35.4346,139.6483,anonymous,JA,2,37,Chrome,129.0.0.0,Windows NT 10.0,1440x960,今日はなんだか気持ちの浮き沈みが激しく落ち着かない反面、なぜか体調は最近の中ではかなり安定していた。久しぶりに少し遠くまでお散歩に行って気分転換。いつもより健康的な1日を過ごせた気がしたのが嬉しかった。,2658832
2024-09-28 18:43:37,2024-09-28 18:48:01,0,61.86.162.145,100,263,1,2024-09-28 18:48:01,R_4l5okvF6xuwtKIz,,,,,35.0203,135.7602,anonymous,JA,1,35,Chrome,129.0.0.0,Windows NT 10.0,1920x1080,"今日は業務が休みだったものの、週明けまでに終わらせなければならない仕事がいくつかあったため、結局仕事で一日が終わった。
何か好きなことをして残り時間を息抜きに使いたいところだったが、特に思い浮かぶことが無く、作業終了後はずっと横になっていた。",4758400
2024-09-28 18:48:19,2024-09-28 18:57:05,0,180.45.215.99,100,526,1,2024-09-28 18:57:06,R_4ccQGgqtWXE8iH4,,,,,34.3927,132.4501,anonymous,JA,2,32,Safari iPhone,18.0,iPhone,390x844,"朝食は冷凍のピザを焼いて食べました。とても美味しかったです。
今日は在宅で仕事があったので、午後5時まで行いました。作業は捗ったかと思います。
夕食時にYouTubeの動画を見ました。良い気分転換になりました。寝る前はAmazonプライムで映画を見ようと思ってます。",5012138
2024-09-28 19:19:18,2024-09-28 19:21:28,0,133.106.192.41,100,129,1,2024-09-28 19:21:29,R_4jMINxB64BVxHR3,,,,,35.6897,139.6895,anonymous,JA,1,50,Chrome,128.0.0.0,Windows NT 10.0,1920x1080,今日は仕事は休みだが、平日の仕事の疲れで昼前まで寝てしまった。朝食兼昼食は冷やしそうめん。最近は少し涼しくなってきたとはいえ、日中の気温は30℃程度あるので冷やした麺類がまだまだ活躍している。午後からは、自宅に持ち帰ってきた書類仕事を少し片づけて、その後は基本的にはゴロゴロしてネット動画を見ながら過ごした。夕食はスパゲッティで、今日は麺類ばかりになってしまったが好物なので全然気にならない。結局、一日どこへも外出せずに終わってしまった。,4802537
2024-09-28 19:21:13,2024-09-28 19:26:28,0,14.8.21.0,100,314,1,2024-09-28 19:26:28,R_4S2BwCOvTuik1r3,,,,,35.7949,139.7334,anonymous,JA,1,52,Chrome,129.0.0.0,Windows NT 10.0,1280x720,今日は土曜日。通常ならば休日ですが、月曜日が祝日のため出勤日でした。仕事は平日よりも楽でしたが、終業間際に緊急の対応をお願いされ疲れました。さらに、通勤途中の乗り継ぎ駅が花火大会の会場となっていて、大混雑。へとへとに疲れました。,1743130
2024-09-28 19:15:23,2024-09-28 19:27:54,0,59.139.242.168,100,750,1,2024-09-28 19:27:54,R_4lAG8hwoJusqG62,,,,,36.1475,139.3902,anonymous,JA,2,57,Chrome,129.0.0.0,Windows NT 10.0,1920x1080,暑さが少し和らいで過ごしやすい一日でした。遅咲きの百合がきれいに花開きました。8月の終わりに咲き終わったと思っていたけれど、花の咲く姿をまた見せてくれて気持ちが和みました。雨に当たらずに長く開いていてほしいです。家族はみんなお休みで、それぞれ自分の趣味を楽しんで過ごしました。夫は木工作業、娘は手芸、私は撮り溜めていたドラマを見てと、やることはバラバラだったけれど、夕飯は一緒に揃って食べて和やかな一日でした。,5024777
2024-09-28 13:23:34,2024-09-28 19:32:20,0,58.191.123.62,100,22126,1,2024-09-28 19:32:20,R_4evvWuax3XBQjUB,,,,,34.7368,135.3424,anonymous,JA,2,39,Safari iPhone,16.6,iPhone,390x844,"9/28（日曜日）
朝7時に起床。午前10時から息子の習い事（リトミック）に行き、午前11時からセルフうどん店で息子と旦那とうどんを食べた。
自宅近くにある大きな公園で働く車のイベントがあったので昼12時から息子を連れて行った。息子が眠そうにしていたのと思ったよりも日中暑かったので長居せずに公園横のスーパーで買い物をして帰宅した。
午後からは晩ご飯を作ってAmazonプライムで映画を観てのんびりと過ごした。
晩ご飯は鰹のたたきと卵焼きと味噌汁とかぼちゃの煮物を食べた。",5517900
2024-09-28 19:45:01,2024-09-28 19:51:14,0,125.30.111.39,100,372,1,2024-09-28 19:51:14,R_4sdnbyNiM7k6fCf,,,,,43.0459,141.3543,anonymous,JA,2,35,Chrome,129.0.0.0,Android 10,412x915,イオンモールでイベントがあったので家族で行ってきました。5分500円のヘッドマッサージを受けてみましたが、施術内容が頭の片方で5分で頭全体だと10分1000円だと言われてショックでした。夫に子供を見てもらっていたので片方だけ受けました。子供向けのステージイベントもあって子供達が楽しそうでした。,4556406
2024-09-28 19:50:37,2024-09-28 19:54:13,0,125.30.50.66,100,216,1,2024-09-28 19:54:14,R_4dE8CIGpIGmWZ1N,,,,,35.9575,139.5944,anonymous,JA,2,44,Safari iPhone,16.6,iPhone,375x812,"今日は疲れ気味で体調が良くなかったので、どこにも出かけずに一日中のんびりしていました。
お昼は卵スープで雑炊、夜は厚切りの牛タンを焼いて食べました。どちらも美味しかった。牛タン、次に焼く時は、少し小さめにカットした方が食べやすそう。",tamachi3
2024-09-28 19:43:35,2024-09-28 19:55:31,0,118.8.30.192,100,716,1,2024-09-28 19:55:31,R_4yda7AzisUxkPs6,,,,,34.733,135.5744,anonymous,JA,2,45,Chrome,129.0.0.0,Windows NT 10.0,1197x673,今日は仕事だったけれど、考え事や悩み事が頭をよぎり、集中できなくなることもあった。まだまだ残暑が続くので、通勤も辛い。少し疲れているようなので、今日は美味しい晩御飯を食べ、早めに寝て、明日からの仕事に気持ちを切り替えたいと思います。,275137
2024-09-28 19:51:50,2024-09-28 19:56:10,0,180.12.151.147,100,259,1,2024-09-28 19:56:10,R_4ylVgYgMAhCY7kx,,,,,34.6526,134.9849,anonymous,JA,1,29,Chrome,127.0.0.0,Windows NT 10.0,1536x864,"2024年9月28日晴れ
午前4時に起きました。
寝室からリビングに移動し、スマホのゲームを2時間ほど遊びました。
その後、同居の彼女を職場まで送迎し、家に帰り朝食をとりました。
シリアルとヨーグルトを食べて再度睡眠。
次に起きたときは14時頃、食欲があったので素麺を湯がいて食べました。
その後は掃除やテレビをみて気がつけば夕方、カレーライスを作り、晩ごはんの前にこの日記を書いているところです。
今日も素晴らしい一日でした。
明日も楽しみだなぁ。",5479130
2024-09-28 20:01:45,2024-09-28 20:05:59,0,61.116.40.156,100,253,1,2024-09-28 20:05:59,R_4YtIRTd21GAmXgR,,,,,34.3927,132.4501,anonymous,JA,2,39,Chrome,129.0.0.0,Windows NT 10.0,1536x864,今日は仕事が休みだったので、朝早くから、お出かけをしました。道の駅に行って新鮮なナスを買うことができました。久しぶりの遠出で、家族団らんできてとても楽しかったです。今日はなんだかついていないことがたくさんあったけど、来週も旅行があるので、準備をこれからして、寝ようと思います。,4548801
2024-09-28 20:04:19,2024-09-28 20:06:48,0,27.95.216.41,100,149,1,2024-09-28 20:06:49,R_4eLGtT603HjZ6ew,,,,,35.3265,139.3785,anonymous,JA,1,35,Edge,129.0.0.0,Windows NT 10.0,1280x720,長年使っていたカーテンが先日ついに破れてしまったのでホームセンターに新しいものを買いに行き、その帰りに馴染みの和食店を訪れ天丼を食べました。久しぶりに土曜日に休みが取れたこともあり、お昼の後は近くに住んでいる両親の家に行き近況報告をして楽しい時間を過ごしました。,1359285
2024-09-28 19:53:59,2024-09-28 20:09:39,0,221.185.49.74,100,940,1,2024-09-28 20:09:39,R_4IlLleha7xz0xPX,,,,,34.7037,135.713,anonymous,JA,1,47,Chrome,129.0.0.0,Windows NT 10.0,1920x1080,今日は仕事が休みだったので、午前中は自分の部屋の掃除をしました。そのついでに秋用の衣類を押し入れから出して、いらなくなった夏用のＴシャツをいくつか処分しました。少しもったいない気がしましたが、Ｔシャツはすぐに色落ちするので仕方がないです。午後になり、近所のイオンモールに出かけたのですが、店内はお客さんがすごく多くて、レジに並ぶのに少しうんざりしました。今から夕食を食べようと思いますが、料理するのは面倒なので、レトルトのカレーを食べようかと悩んでいます。,115345
2024-09-28 20:01:07,2024-09-28 20:11:24,0,133.106.162.144,100,617,1,2024-09-28 20:11:25,R_4uEt8hm5NXCL3TX,,,,,35.6837,139.6805,anonymous,JA,1,40,Chrome,129.0.0.0,Windows NT 10.0,2560x1440,"今日は休日なので目覚ましをかけずに寝たけれど、起きたら11時と昼近くだったので何か損した気分で1日がスタートした。
だけど何気なく覗いたメルカリで、ずっと欲しくて狙っていた水雨月のイヤホンが格安で出品されていて、即決で購入できたのはラッキーだったと思う。あと30分でも覗くのが遅かったら他の人に購入されていたんじゃないだろうか。
あとは予定の無い休日のいつも通りの過ごし方をして、ゲームをしたりしてそれなりに充実した1日になったのではないかと思う。
",5134695
2024-09-28 20:24:04,2024-09-28 20:31:10,0,106.159.71.199,100,426,1,2024-09-28 20:31:10,R_415PpVz6QmXGLhB,,,,,39.7042,140.1282,anonymous,JA,1,52,Chrome,129.0.0.0,Windows NT 10.0,1368x912,10月の3連休に備え、自宅から75㎞の飛のくずれキャンプ場の下見に行ってきた。途中、大内の田んぼ風景はいつも通り退屈だったが、仁賀保からの海沿いの道は海を見ながらで最高。1700年代に丸い石を積み上げた石垣が海岸沿いに続いているのが印象的。目的のキャンプ場はすでにほぼ満員状態。無料だから無理もないか。スーパーや駅、コンビニも3㎞圏内で便利。自転車でいくかどうかは悩むところ。トランポして周辺を走るのもありかな。,5054908
2024-09-28 20:32:19,2024-09-28 20:34:33,0,172.226.140.57,100,134,1,2024-09-28 20:34:34,R_4PdAykJfQRAI4Vy,,,,,35.6893,139.6899,anonymous,JA,2,37,Safari iPhone,17.0.1,iPhone,393x852,今日はピアノのレッスンの仕事が丸一日あった。途中で(昼食後)急な腹痛に襲われ、下痢に嘔吐にどうなるかと思った。しばし休憩するものの良くならず、レッスンを中断してトイレに駆け込んだり腹痛の薬を買いに行ったりと少し中断があったが、なんとか良くなり今日のレッスンの予定を全て遂行出来た。冷や汗だらけでどうなるかとおもったが、なんとかやり切れて良かった。,Yuko_office
2024-09-28 20:43:55,2024-09-28 20:44:49,0,106.133.104.176,100,53,1,2024-09-28 20:44:50,R_4PGqzZtOajjuZUm,,,,,35.1796,136.9166,anonymous,JA,2,30,Safari iPhone,18.0,iPhone,375x812,"昨夜、愛犬と一緒に寝たため、朝から愛犬の「お腹が減った」コールで目が覚めました。
洗濯する日でもあったので、洗濯機を回していましたが、ついうたた寝をしてしまい、洗濯物がシワシワになってしまい、少しショックでした。
日中は隣の市に用事があったので1時間半のドライブをしました。
海沿いを走ったのでとても清々しい気持ちになりました。
お寿司や、おやつを食べて大満足の1日となりました。",4863528
2024-09-28 20:48:13,2024-09-28 20:51:28,0,27.114.20.201,100,194,1,2024-09-28 20:51:28,R_4GGpfRuIWDO05QB,,,,,35.7907,139.6203,anonymous,JA,2,38,Safari iPhone,17.6,iPhone,375x812,"子どもたちと一緒に実家に。
スイーツの工場直売所でアウトレット品をたくさん購入。
そのあとはたくさん取れるクレーンゲームが評判のゲームセンターに。
お菓子をとにかく大量と、息子はラジコンをゲットしてご満悦。
楽しい土曜日でした。",5612737
2024-09-28 20:41:47,2024-09-28 20:53:43,0,31.182.205.215,100,715,1,2024-09-28 20:53:44,R_822O6CS6TLzgvbq,,,,,50.0518,19.9583,anonymous,JA,2,52,Chrome,129.0.0.0,Windows NT 10.0,1280x720,"今日はいつものように地元の土曜の朝市に買い出しにでかけた。昨日仕事で遠出して帰宅が深夜過ぎぎ３時頃になってしまったので、朝は普段より遅くなってしまった。10時ごろ行ったらもうかなりのものが売り切れていた。午前中は友達や叔母とline等のやり取りをした。友達とは昨日の総裁選の結果についてそれぞれの感想を述べあった。
午後は家族で散歩して喫茶店に行った。今日はだいぶ涼しくてサンダルの足が冷えてしまった。息子にアイスクリームショップのポイントカードをもらった。２個交換できるそうだ。友達のお姉さんがそこのショップで働いていてたくさんポイントをもらったそう。息子にどこかでアルバイトするように言うとまたか、という反応。",1065632
2024-09-28 20:53:51,2024-09-28 20:54:28,0,60.153.229.63,100,36,1,2024-09-28 20:54:29,R_4ChddgFj84oN4qZ,,,,,35.6897,139.6895,anonymous,JA,1,28,Safari iPhone,18.0,iPhone,393x852,夕飯前にtwitch配信をラジオ代わりに聞きながら家から海沿いにかけて散歩。数日前まで不眠気味で数時間しか寝れなかったのが解消して昨夜久しぶりによく寝れたことと、この涼しい時間帯の散歩でかなりリフレッシュになった。,4150657
2024-09-28 20:54:31,2024-09-28 20:58:05,0,122.217.240.183,100,213,1,2024-09-28 20:58:05,R_4ktx8QECNHMJedA,,,,,33.6372,130.9974,anonymous,JA,1,49,Chrome,129.0.0.0,Windows NT 10.0,1920x1080,今日は朝から自宅仕事に忙殺されました。見慣れたパソコンに向かいカタカタとタイピングをしながら、なんとか午後の早い時間には仕事の山場を越えることが出来ました。夕方からは近所のスーパーやドラッグストアに向かい、食料品や日用品を買い込み一段落。その後ゆったりとした気持ちで夕食を用意し、リラックスしながら食事を楽しむことができました。今日はよく眠れそうです。,2511054
2024-09-28 21:03:48,2024-09-28 21:06:50,0,14.9.7.96,100,181,1,2024-09-28 21:06:50,R_40pjb52whXIFMbL,,,,,38.338,140.8888,anonymous,JA,1,33,Chrome,125.0.0.0,Windows NT 10.0,1536x864,久しぶりに60分のジョギングをしました。最近は仕事が大変で休日は寝てばかりいたので、1ヶ月ぶりくらいでした。ジョギングをすると嫌なことを考えなくて済みますし、適度な汗をかいてストレス解消にもなるので、やっぱりジョギングは気持ちいいと感じました。,727067
2024-09-28 21:06:03,2024-09-28 21:10:30,0,126.125.165.49,100,266,1,2024-09-28 21:10:30,R_4giMBxPS1njYT4i,,,,,26.2084,127.6923,anonymous,JA,1,36,Edge,120.0.0.0,Windows NT 10.0,1366x768,今日は朝から仕事があったので朝から車に乗って職場へ出向きました。着いたらもうすでに何名か出勤していて雑談をしていました。そこで自分もコーヒーを給湯室でいれて、土曜日なのになんで出勤してるのかと同僚に愚痴をこぼしました,5348603
2024-09-28 20:49:11,2024-09-28 21:10:57,0,58.3.206.48,100,1305,1,2024-09-28 21:10:57,R_4QHNEg7Nz1Nsich,,,,,32.8116,130.7238,anonymous,JA,2,40,Chrome,129.0.0.0,Windows NT 10.0,1600x900,今日は会社が休み。朝はゆっくり寝て、昼頃にパートナーとカフェで軽くランチを食べた。ランチ後はショッピングモールでパートナーと友人への誕生日プレゼントを探しにいきました。彼女が好きそうなバスグッズをGETしたので安心しました。その後は食材などを買い早めに帰宅し日頃の疲れをとるためにゆったり過ごしました。,4362605
2024-09-28 21:01:11,2024-09-28 21:11:27,0,101.203.10.151,100,616,1,2024-09-28 21:11:28,R_4qDJ0ttNLpcihQE,,,,,37.9022,139.0181,anonymous,JA,1,26,Edge,129.0.0.0,Windows NT 10.0,1280x720,前日から宮城県の松島に旅行に行っていた。ホテルの朝食を食べ過ぎた。今日は午前中に瑞巌寺という有名なお寺を観光した。撮影禁止の宝物殿や江戸時代からある寺の本堂を見学した。豪華絢爛な部屋や仏像が壮観だった。その後電車で仙台駅まで移動し食事をした。ピザがおいしかった。その後高速バスで自宅まで帰り、夕食に買った牛タン弁当を食べた。,3045407
2024-09-28 21:11:19,2024-09-28 21:17:10,0,133.32.181.9,100,351,1,2024-09-28 21:17:11,R_4n3I3FlEmCJCpQ9,,,,,35.6897,139.6895,anonymous,JA,2,36,Safari iPhone,17.6,iPhone,375x812,今日は午前中には子供を眼科に連れていき、夕方からはジジババの家に子供と3人で行った。朝起きてからずっと目が痒いと言っていたので心配したが、結果はアレルギー性結膜炎。目薬ですぐ落ち着きそうなので安心。初めて行く眼科だったがスムーズで対応も良かったのでこれからかかりつけにしようと思う。実家には2ヶ月ぶり？くらいに行ったがどっちも元気そうで安心。おいしいご飯も食べれたし子供たちの成長も見れたし心の元気が回復した。明日もがんばろ！,2933157
2024-09-28 21:13:34,2024-09-28 21:17:30,0,58.3.21.247,100,235,1,2024-09-28 21:17:31,R_4PIaxYElsXRwks9,,,,,32.8426,130.0444,anonymous,JA,2,31,Chrome,129.0.0.0,Linux x86_64,360x780,ねぼうでいつもより2時間ほど遅く起きた。娘の離乳食にバナナを食べさせた。100円ショップとホームセンターへ行き、ミニほうきセットとアルバムの装飾用のシールを買った。帰ってから、おやつにホットケーキを焼いた。晩におかゆとキウイヨーグルトを食べさせた。,にゃすも
2024-09-28 21:18:55,2024-09-28 21:20:45,0,126.125.165.49,100,109,1,2024-09-28 21:20:46,R_4w2GRUQrWoriIA9,,,,,26.2084,127.6923,anonymous,JA,1,30,Edge,120.0.0.0,Windows NT 10.0,1366x768,休みでした。朝から用事があり市街地へ。スーツを仕立ててもらっていたのでできたと連絡があり、受け取りに行きました。そこでフィッティングを済ませ、料金を払い帰りました。意外と高かったけどこれからやる気もでました,5957432
2024-09-28 13:20:23,2024-09-28 21:25:10,0,177.33.140.10,100,29086,1,2024-09-28 21:25:10,R_18YDEY2nwVPIV69,,,,,-23.5335,-46.6359,anonymous,JA,2,40,Chrome,129.0.0.0,Windows NT 10.0,1366x768,今日は少し涼しい日でした。子ども達と一緒に歩いて近所のスーパーへ行きました。長女は予定があったので、長男、次男と。どこでも遊び場になるこの2人を連れて歩くのはとても大変。店内で鬼ごっこを始めたり、大きな声を出したり。大変なことも多いけど2人で、しょうもないことでケラケラ笑い合ってる姿をみるとかわいくて元気が出る。大きなケガなく帰ってこれて良かった。,sayo_91
2024-09-28 21:23:33,2024-09-28 21:26:11,0,126.125.165.49,100,158,1,2024-09-28 21:26:12,R_4mIZmOEHc8vklhP,,,,,26.2084,127.6923,anonymous,JA,1,27,Edge,120.0.0.0,Windows NT 10.0,1366x768,土曜日なので1日休み。やることもなく12時くらいに起きました。とくにこれと言ってなにもない、さらに前日に飲みにでかけてたので若干の二日酔いもありずっとゴロゴロ。起きても動画サービスでずっと動画を見て過ごしました。,5859850
2024-09-28 21:19:03,2024-09-28 21:34:38,0,58.188.247.212,100,934,1,2024-09-28 21:34:39,R_4rj9UMb44QMufBn,,,,,34.8199,135.6469,anonymous,JA,1,50,Chrome,129.0.0.0,Windows NT 10.0,1366x768,"今日は曇っていたので思ったよりも涼しく感じられ、とても過ごしやすい1日だった。
最近仕事に対する疲れを感じていたので、思いきって完全に休むことにした。その分、日課のウォーキングを頑張ることにした。
運動公園に向かうとイベントやスポーツを楽しんでいる人がたくさんいた。人を避けながら歩かなければいけなかったので、人通りの少ないコースを歩くことにした。
この涼しさもあり、とても調子よく体が動くと実感できたのは大きな収穫になった。",3954203
2024-09-28 21:39:16,2024-09-28 21:40:05,0,202.223.28.32,100,49,1,2024-09-28 21:40:06,R_4xLRCHP2lmMiboL,,,,,34.773,134.8303,anonymous,JA,2,30,Safari iPhone,17.6,iPhone,428x926,今日は朝から体調も気分も優れずイライラしやすい1日でした。気晴らしにスーパーの中にあるゲームセンターへ行き、クレーンゲームを楽しみました。景品は全然取れず残念だったけれど良い気分転換にはなりました。付き合ってくれた家族には感謝を言いたいです。その後は体調がまだ優れなかったため日課だった運動もお休みしてテレビを見たりゲームをしたり今日はゆっくりした1日を過ごしました。,646792
2024-09-28 21:12:56,2024-09-28 21:48:14,0,133.32.131.206,100,2117,1,2024-09-28 21:48:14,R_4rubWo1NBzJiHrA,,,,,35.6837,139.6805,anonymous,JA,2,54,Chrome,129.0.0.0,Macintosh,1440x900,今日は朝7時に起床。食事、身支度をしてメールをチェック。テレビのニュースを見てから、パートタイムの出勤。9時から4時まで勤務。帰りに近くの食料店で晩御飯の買い出し。水筍と鶏肉を買い、帰宅後に筍の炊き込みご飯を作った。とても美味しくできたと思う。テレビをつけて夫婦二人で食事。話題は新総裁、政治について。これから日本や世界はどうなるのだろう？後片付けをして、8時に入浴。自室でメールチェックと部屋の片付けを少々。ネットフリックスの洋画を1本見始めた。途中、睡魔が何度も襲ってきて、巻き戻しの繰り返し。字幕なので、見逃すと内容が分からなくなってしまう。明日は休みなので、続きはまた明日にしよう。ベッドに入り、キンドルを開く。この間亡くなった松岡正剛氏の物語集の続きを読み、就寝。,4815918
2024-09-28 14:28:18,2024-09-28 21:51:40,0,61.114.211.220,100,26602,1,2024-09-28 21:51:41,R_4KN1rsELURaicoq,,,,,35.6608,139.7448,anonymous,JA,2,33,Chrome,129.0.0.0,Android 10,360x760,今日は、夫が休日だったのですが、比較的ゆっくりと過ごしました。食事は３食とも自炊をし、休日ということで、夜にはお酒も楽しみました。夕飯のメイン料理として、ぶり大根を作りましたが、我ながら美味しかったです。のんびりとお家時間を楽しめた日でした。,3982463
2024-09-28 22:16:32,2024-09-28 22:21:48,0,133.32.226.168,100,315,1,2024-09-28 22:21:48,R_4kekqLhBFlQSxKV,,,,,35.6837,139.6805,anonymous,JA,2,39,Chrome,129.0.0.0,Windows NT 10.0,2560x1440,"本日は休みのためいつもより遅く起床しました。子どもと朝食を食べ、片づけをしつつ子どもと遊びました。
まだ観れていなかった、録画したドラマを見たり、買ったけど読めていなかった漫画を読んだりのんびり過ごしました。次女が風邪をひいたようで鼻水が出ていましたが、元気でした。
夫の帰宅後、うどんを食べ、スーパーで買い物をしました。",3158965
2024-09-28 21:25:09,2024-09-28 22:25:34,0,36.14.220.20,100,3624,1,2024-09-28 22:25:35,R_4i2quAMYvXt9y4F,,,,,33.5114,130.5144,anonymous,JA,2,37,Safari iPhone,17.6,iPhone,393x852,今日は主人も仕事が休みで、２歳の娘も一緒に外出しました。娘は何でも自分でやりたがる時期。家の鍵を自分で閉めたかったと大号泣。抱えて車に乗り込むも帰りたい！と更に期限が悪くなり、予定を変更して即帰宅。そこから様々なことが連鎖して2時間半泣き続けました。ここまで機嫌が悪かったのは初めてで、私もどうしていいか分からず涙が溢れてしまいました。寝かしつけが無事に完了し、ホッと一安心。残った家事を済ませて、少しだけ自分時間を楽しみます。,3989245
2024-09-28 22:12:38,2024-09-28 22:27:16,0,61.87.33.3,100,877,1,2024-09-28 22:27:16,R_4zibZ6A8LrZYjcd,,,,,35.6837,139.6805,anonymous,JA,2,34,Safari iPhone,17.6,iPhone,375x667,今日は秋が旬の郷土料理、はらこ飯を食べに行きました。旬の鮭といくらがたっぷりと入っていて、とても美味しかったです。はらこ飯は最近知った郷土料理で、日本にはまだまだ私の知らない美味しい郷土料理があるのかと思うと、これからの出会いが楽しみでワクワクした気持ちになりました。今日はドライブもしました。私が生まれ育った場所とは全く違う景色をたくさん見ることができて幸せな1日でした。,1822057
2024-09-28 22:30:23,2024-09-28 22:37:11,0,217.178.140.98,100,408,1,2024-09-28 22:37:12,R_4CDLT8dDV1tlwuY,,,,,35.6837,139.6805,anonymous,JA,1,45,Chrome,129.0.0.0,Windows NT 10.0,1920x1080,　9月28日土曜日、天気快晴。朝4時半起き。色々準備をし副業のバイトに向かう。未経験者でも大丈夫と募集要項にはあったが、実際はある程度経験がないときつそうな感じな仕事でした。ある程度、年齢に達してしまうと余計なプライドが邪魔をして上手くいかないことがあるけれど、自分はもともとプライドは捨てているのでスムーズに仕事ができ、お金ももらえ大変満足な一日でした。,5162881
2024-09-28 22:28:16,2024-09-28 22:39:01,0,157.107.82.41,100,645,1,2024-09-28 22:39:02,R_4lsjY81shguaxc8,,,,,35.6837,139.6805,anonymous,JA,2,43,Safari iPhone,17.6,iPhone,390x844,"今日は子どもたちの運動会だった。
旦那は9月最終土曜は絶対に仕事が休めないと数年前から決まっていて。私１人参戦で淋しいし写真もちゃんと撮れるか不安、子ども達も緊張せずできるかドキドキだったけど、友達たちにも助けられてなんとか無事終えることができた。
ダンスや鼓笛隊はとても成長を感じられて泣けた。リレーもすごいがんばってた。
2人とも大きくなったな。
旦那も夕方には帰ってきて夜ごはん一緒に過ごせた。
すごくいい１日だった。大好き。",5084625
2024-09-28 22:14:42,2024-09-28 22:45:12,0,202.226.51.201,100,1830,1,2024-09-28 22:45:12,R_4PwtbYlpK2ys7Pr,,,,,35.6709,139.0828,anonymous,JA,1,42,Chrome,129.0.0.0,Windows NT 10.0,1366x768,今夜の夕飯は、ピーマンの肉詰め・鶏そぼろと炒り卵とほうれん草の三色丼・切り干し大根の煮物・西京焼きを料理して食卓に並べた。料理に不慣れで夕食の支度に1時間半以上かかってしまったものの、家族からは美味しいと言われたので手間をかけて正解だったと感じた。食後は洗い物がとても多く、今後手荒れが起きる可能性が高い。,109960
2024-09-28 22:46:04,2024-09-28 22:53:24,0,121.117.99.194,100,439,1,2024-09-28 22:53:25,R_4QYuLBx1I0O1FIm,,,,,37.4051,140.3896,anonymous,JA,1,48,Chrome,129.0.0.0,Windows NT 10.0,1280x1024,体調がずっとすぐれないため、今日は先日予約してたタイ古式マッサージを受けに行きました。そこは初めての店でした。そこは珍しく施術台の上でタイ古式マッサージをやる店でした。施術台の上でのマッサージだったので、十分にほぐれてないような感じがします。チェーン店とのことだったので、あまりそこまで専門的な感じではなかったのかも、２度目行こうかどうか現在は悩み中。ですが、マッサージのおかげで頭が冴えたのか、帰宅して、自分の体調の悪さの２つの原因に気付きました。一つは、ヘッドフォンの黒の耳パッドがかびてたこと。もう一つは、屋根にどうも動物のフンがあるということ。耳パッドは処分しましたが、まだ体調は悪いままです。明日屋根の様子を見てみようと思います。どうか体調が良くなりますように。,1610899
2024-09-28 19:06:09,2024-09-28 22:54:44,0,220.147.163.119,100,13714,1,2024-09-28 22:54:44,R_4ldwOZX2DqsWDiF,,,,,34.6946,135.5021,anonymous,JA,2,44,Safari,17.7,Macintosh,1024x1366,"今日はお昼に、義父と義母と家族で回転寿司屋に行きました。
子供と夫はマグロばかり食べていました。
炙りマグロとつぶ貝が特に美味しかったです。
義父がもうすぐ誕生日なので、お会計では二人の分も奢りました。
お礼に義母がシャインマスカットを2房くれました。
帰りにスーパーで野菜やビール、デザートのアイスなどを購入し、帰宅してから家族みんなでアイスを食べながら映画を観ました。
途中で子供の友達が遊びに来たので、子供は遊びに行き、夫は映画の途中で寝てしまい、私は一人で最後まで映画を観ました。
夕飯はハンバーグを食べました。食後、食器を洗っている時に、子供のお気に入りのお皿を割ってしまい、子供が長時間泣くことになってしまいました。
同じものをネット購入しようと提案しましたが、同じお皿を見ると割れた事を思い出してまた泣いてしまうと言うので、結局購入しませんでした。
物に対してすごくこだわりがある子なので、困ることが多いです。
私の不注意で取り返しのつかないことになってしまい、大変後悔しました。",2511924
2024-09-28 22:57:27,2024-09-28 23:00:11,0,116.64.150.104,100,163,1,2024-09-28 23:00:11,R_4ly5egmugPX5PlO,,,,,35.6544,139.6142,anonymous,JA,2,42,Edge,129.0.0.0,Windows NT 10.0,1366x768,今日は、娘の小学校の校庭開放の係の仕事をしてきました。お休みの日に係のお仕事で少し気乗りしない気分でもありましたが、実際にお仕事をしたら子どもたちが楽しく遊ぶ姿を見れたり、新しい人との出会いもあり、とても充実した１日になりました。,5057931
2024-09-28 23:08:35,2024-09-28 23:13:47,0,58.188.49.137,100,312,1,2024-09-28 23:13:48,R_4w9gyFYMYnFN8OJ,,,,,34.6922,135.1816,anonymous,JA,2,38,Chrome,129.0.0.0,Linux x86_64,360x771,今朝は休日だったのでゆっくりと起き、子供たちと話をしながら落ち着いて朝食を食べました。毎日の掃除と洗濯などをこなし昼食をとった後、子供の美容院に付き添いました。帰宅後は家族皆で買い物へ行きました。夕食をとった後は、テレビを見たり話をしたりしました。１日ゆっくりと過ごすことができ、良い休日になりました。,3836202
2024-09-28 23:17:52,2024-09-28 23:20:59,0,126.193.150.232,100,187,1,2024-09-28 23:21:00,R_4qPy52RXbppvJTr,,,,,35.6837,139.6805,anonymous,JA,2,26,Safari iPhone,16.6,iPhone,390x844,仕事が終わって高校時代の友達4人で食事をした。うち1人が結婚して遠くに行ってしまうので、その前に地元の友達と遊んでおきたいと、寄せ集めで集まったメンバーだ。その中に1人初めてご飯に行く子がいたが、そんなこと関係なく高校時代の思い出話に花が咲いた。社会人になってはや4年、学生時代とは違った友達との付き合いが最近楽しい。,5664835
